from ,to
https://twsia.com/center-alaa-al-dyn-al-tkhssy-al-tby,https://twsia.com/aladdin-specialized-medical-center
https://twsia.com/al-byrqdar-ltjarh-al-cars,https://twsia.com/al-byrqdar-cars
https://twsia.com/baik-bash-hotel-hotel-byk-bash,https://twsia.com/baik-bash-hotel
https://twsia.com/hotel-qsr-al-shhbndr-al-athry,https://twsia.com/shahbandar-palace-hotel
https://twsia.com/hospital-al-andls-al-jamay,https://twsia.com/al-andalus-university-hospital
https://twsia.com/jewellery-nbyl-_-nabils-jewelery,https://twsia.com/jewelry-nbyl-_-nabils-jewelery
https://twsia.com/company-al-mndyl-llitarat-al-aal-myh,https://twsia.com/al-mandeel-tires-company
https://twsia.com/country/jo/city/amman/sub-area/sweifieh,https://twsia.com/country/jo/city/amman/sub-area/sweifieh
https://twsia.com/office-khlyl-aly-ltjarh-al-cars,https://twsia.com/khalil-ali-cars-office
https://twsia.com/kindergarten-sayd-al-khash,https://twsia.com/saeed-private-kindergarten
https://twsia.com/kindergarten-st-al-wfaa,https://twsia.com/set-al-wafa-kindergarten
https://twsia.com/qhwh-al-qshlh,https://twsia.com/al-qashla-cafe
https://twsia.com/office-yasr-al-shamy,https://twsia.com/yasser-al-shami-cars-office
https://twsia.com/company-al-rstm-al-tjaryh,https://twsia.com/al-rustom-trading-company
https://twsia.com/mais-private-school,https://twsia.com/mais-private-school
https://twsia.com/najeb-cars,https://twsia.com/najeb-cars
https://twsia.com/country/sy/category/beauty-centers,https://twsia.com/country/sy/category/beauty-centers
https://twsia.com/school-al-hkmh-al-khash-yal-swydaa,https://twsia.com/al-hikma-private-school
https://twsia.com/companies,https://twsia.com/companies
https://twsia.com/mjmwah-al-qwafl-llshhn-al-dwly,https://twsia.com/al-qwafl-for-international-shipping
https://twsia.com/university-al-sham-al-khash-aspu-fra-al-ladhqyh,https://twsia.com/al-sham-private-university-latakia
https://twsia.com/school-sma-hwran-al-khash,https://twsia.com/samaa-horan-private-school
https://twsia.com/hotel-dedeman-royal-club,https://twsia.com/hotel-dedeman-royal-club
https://twsia.com/jewellery-al-krym,https://twsia.com/jewelry-al-krym
https://twsia.com/kindergarten-al-frh-al-khash,https://twsia.com/al-farah-private-kindergarten
https://twsia.com/afnan-al-marfh,https://twsia.com/afnan-al-marfh
https://twsia.com/kindergarten-sham-al-syah,https://twsia.com/sham-al-sayyah-kindergarten
https://twsia.com/kindergarten-al-nsha-al-jdyd,https://twsia.com/new-generation-kindergarten
https://twsia.com/syty-car,https://twsia.com/city-car
https://twsia.com/kindergarten-byty-al-dafe,https://twsia.com/my-warm-home-kindergarten
https://twsia.com/company-samr-mhrm-lqta-al-cars,https://twsia.com/samer-moharem-company
https://twsia.com/kindergarten-lma-al-sham,https://twsia.com/lama-al-sham-kindergarten
https://twsia.com/hanifa-alomar-jewelry-syria,https://twsia.com/hanifa-alomar-jewellery-syria
https://twsia.com/hospital-al-tyar-al-jrahy,https://twsia.com/al-tayyar-surgical-hospital
https://twsia.com/al-tynawy-ltajyr-al-cars,https://twsia.com/altayenawi-car-rental
https://twsia.com/office-blywn-ltjarh-al-cars,https://twsia.com/blion-cars-office
https://twsia.com/school-al-adhm-al-khash,https://twsia.com/al-adhm-private-school
https://twsia.com/kindergarten-al-shraa-al-khash,https://twsia.com/al-shiraa-private-kindergarten
https://twsia.com/jewellery-al-qwsrh,https://twsia.com/jewelry-al-qwsrh
https://twsia.com/tal-ysman-al-amyn,https://twsia.com/talisman-hotel
https://twsia.com/nswh-yasyn-llstaer-wal-mfrwshat,https://twsia.com/nasouh-yaseen-curtains-furniture
https://twsia.com/showroom-ryf-idlb-al-jnwby-zkrya-slyman,https://twsia.com/zakaria-suleiman-car-showroom
https://twsia.com/office-swryana-ltjarh-al-cars,https://twsia.com/souryana-cars-office
https://twsia.com/company-hlb-astyrad-qta-ghyar-cars-swzwky-syny,https://twsia.com/aleppo-car-parts-company
https://twsia.com/country/eg/city/cairo/category/transportation-shipping-companies,https://twsia.com/country/eg/city/cairo/category/transportation-shipping-companies
https://twsia.com/showroom-fyana-lsyarat,https://twsia.com/fayana-cars-showroom
https://twsia.com/country/sy/city/idlib/category/Taxi-offices,https://twsia.com/country/sy/city/idlib/category/Taxi-offices
https://twsia.com/school-w-kindergarten-abda-al-khash,https://twsia.com/abdaa-private-school-kindergarten
https://twsia.com/bnwt-lmaayrh-al-dhhb-wal-fdh,https://twsia.com/banout-gold-silver
https://murabaat.com/center-al-qmh-llkmbywtr-wal-atsal-at,https://twsia.com/al-qimma-center
https://twsia.com/jewellery-lyan,https://twsia.com/jewelry-lyan
https://twsia.com/silver-lazord-midan,https://twsia.com/lazord-silver-midan
https://twsia.com/company-aal-m-al-kwry-al-tjaryh,https://twsia.com/korean-world-trading-company
https://twsia.com/salem-dayan-accessories,https://twsia.com/salem-dayan-accessories
https://twsia.com/category/Taxi-offices,https://twsia.com/category/Taxi-offices
https://twsia.com/country/sy/city/damascus/sub-area/medhat-basha-souq,https://twsia.com/country/sy/city/damascus/sub-area/medhat-basha-souq
https://murabaat.com/office-al-mstqbl-llshhn-al-dwly,https://twsia.com/al-mustaqbal-international-shipping
https://twsia.com/hospital-faawr,https://twsia.com/faour-hospital
https://twsia.com/,https://twsia.com/
https://twsia.com/country/sy,https://twsia.com/country/sy
https://twsia.com/company-mhmd-bsam-draw,https://twsia.com/mohammad-bassam-daraw-company
https://twsia.com/mfrwshat-abw-shhadh-wawladh,https://twsia.com/abu-shahadeh-sons-furniture
https://twsia.com/aal-m-al-curtains,https://twsia.com/curtains-world
https://twsia.com/category/trade-and-retail?page=3,https://twsia.com/category/trade-and-retail?page=3
https://twsia.com/sws-school,https://twsia.com/sws-school
https://twsia.com/showroom-al-brkh-ltjarh-al-cars,https://twsia.com/al-baraka-car-showroom
https://twsia.com/mfrwshat-al-natwr,https://twsia.com/al-natour-furniture
https://twsia.com/company-jrks-wdhh-al-tjaryh,https://twsia.com/jerks-dhha-trading-company
https://twsia.com/al-university-al-dwlyh-llalwm-wal-tknwlwjya-iust,https://twsia.com/international-university-science-technology
https://twsia.com/hospital-al-twfyq,https://twsia.com/al-tawfiq-hospital
https://twsia.com/center-ayfa,https://twsia.com/eva-center
https://twsia.com/drmajd-mardn-dental-clinic,https://twsia.com/dr-majd-mardn-dental-clinic
https://twsia.com/sulla-luna,https://twsia.com/sulla-luna
https://twsia.com/showroom-al-wlyd-ltjarh-al-cars,https://twsia.com/al-waleed-car-showroom
https://twsia.com/school-al-tfwq-al-khash,https://twsia.com/al-tafawuq-private-highschool
https://twsia.com/showroom-fady-hsn-llsyarat,https://twsia.com/fadi-hassan-car-showroom
https://twsia.com/kindergarten-braam-al-aslam-al-nmwdhjyh,https://twsia.com/baraem-islam-kindergarten
https://twsia.com/kindergarten-wndrland,https://twsia.com/wonderland-kindergarten
https://twsia.com/bytza-al-ryf-al-iytal-yh,https://twsia.com/italian-village-pizza
https://twsia.com/hospital-al-kndy,https://twsia.com/al-kindi-hospital
https://twsia.com/kindergarten-al-bnfsj,https://twsia.com/al-banafsaj-kindergarten
https://twsia.com/riviera-hotel,https://twsia.com/riviera-hotel
https://twsia.com/jwd-llatarat-wmstlzmat-al-cars,https://twsia.com/joud-car-tires
https://www.twsia.com/jwd-llatarat-wmstlzmat-al-cars,https://www.twsia.com/jwd-llatarat-wmstlzmat-al-syarat
https://twsia.com/hospital-al-shrq,https://twsia.com/al-sharq-hospital
https://twsia.com/kindergarten-mnarh-dmshq-al-khash,https://twsia.com/manarat-damascus-private-kindergarten
https://twsia.com/hotel-barwn,https://twsia.com/baron-hotel
https://twsia.com/hotel-bab-twma-al-athry,https://twsia.com/bab-touma-hotel
https://twsia.com/ashq-shrqy,https://twsia.com/eshq-sharqi
https://twsia.com/smart-shybyngh-lkhdmat-al-International-shipping-al-dwly-w-al-tkhlys,https://twsia.com/smart-shybyngh-lkhdmat-al-shhn-al-dwly-w-al-tkhlys
https://twsia.com/hospital-al-ashrfyh-al-tkhssy,https://twsia.com/al-ashrafieh-specialty-hospital
https://twsia.com/country/sy/city/damascus/sub-area/alksaa,https://twsia.com/country/sy/city/damascus/sub-area/alksaa
https://twsia.com/hospital-al-slam-al-tkhssy-bdmshq,https://twsia.com/al-salam-specialty-hospital-damascus
https://twsia.com/jewellery-al-mslmany,https://twsia.com/jewelry-al-mslmany
https://twsia.com/mrzh-llsyaghh,https://twsia.com/mrzh-llsyaghh
https://twsia.com/company-al-azy-lshhn-wtkhlys-al-customs-clearance,https://twsia.com/company-al-azy-lshhn-wtkhlys-al-jmrky
https://twsia.com/al-university-al-swryh-al-khash-spu,https://twsia.com/al-jamah-al-swryh-al-khash-spu
https://twsia.com/country/sy/category/contracting-companies,https://twsia.com/country/sy/category/contracting-companies
https://twsia.com/hospital-al-ayn-wal-adhn-al-tkhssy,https://twsia.com/eye-ear-specialty-hospital
https://twsia.com/mydtrans-llmlahh-w-al-khdmat,https://twsia.com/mydtrans-llmlahh-w-al-khdmat
https://twsia.com/kindergarten-shms-al-ghd-al-khash,https://twsia.com/kindergarten -shms-al-ghd-al-khash
https://twsia.com/country/sy/city/idlib,https://twsia.com/country/sy/city/idlib
https://twsia.com/school-bnah-al-ajyal-al-khash,https://twsia.com/bonat-al-ajyal-private-school
https://twsia.com/hospital-al-mna,https://twsia.com/al-muna-hospital
https://twsia.com/school-al-marfh-al-khash,https://twsia.com/al-maarifah-private-school
https://twsia.com/school-al-krml-al-khash,https://twsia.com/al-karamel-private-school
https://twsia.com/school-al-ghsanyh-al-arthwdhksyh-al-khash,https://twsia.com/al-ghassaniyah-private-school
https://twsia.com/alchaer-jewellery,https://twsia.com/alchaer-jewellery
https://twsia.com/hotel-al-jawaher,https://twsia.com/hotel-al-jawaher
https://twsia.com/hotel-al-faisal,https://twsia.com/hotel-al-faisal
https://twsia.com/country/sy/city/aleppo/sub-area/afrin/category/hospitals-clinics,https://twsia.com/country/sy/city/aleppo/sub-area/afrin/category/hospitals-clinics
https://twsia.com/school-al-alm-al-hdyth-al-khash,https://twsia.com/modern-science-private-school
https://twsia.com/school-al-mnhl-al-khash,https://twsia.com/al-manhal-private-school
https://twsia.com/school-dwhh-al-wrwd-al-khash,https://twsia.com/dawhat-al-warod-private-school
https://twsia.com/hotel-byt-al-wal-y,https://twsia.com/beit-al-wali-hotel
https://twsia.com/al-brj,https://twsia.com/al-brj
https://twsia.com/hotel-al-qsr,https://twsia.com/al-qasr-hotel
https://twsia.com/hospital-al-dyaa-al-jrahy,https://twsia.com/al-diaa-surgical-hospital
https://twsia.com/school-al-amtyaz-al-khash-alemtiaz-private-school,https://twsia.com/al-imtiaz-private-school
https://twsia.com/hospital-al-hryry,https://twsia.com/al-hariri-hospital
https://twsia.com/category/educational-centers?page=5,https://twsia.com/category/educational-centers?page=5
https://twsia.com/hotel-hms-al-kbyr,https://twsia.com/homs-al-kbyr-hotel
https://twsia.com/sbah-wmsaa,https://twsia.com/sbah-wmsaa
https://twsia.com/school-al-andls,https://twsia.com/al-andalus-school
https://twsia.com/school-al-abaa-al-arby,https://twsia.com/al-abaa-arabi-school
https://twsia.com/hospital-al-sham-al-tby,https://twsia.com/al-sham-medical-hospital
https://twsia.com/jewellery-al-aly,https://twsia.com/jewelry-al-aly
https://twsia.com/deluca,https://twsia.com/deluca
https://twsia.com/yasmeen-dalep-boutique-hotel,https://twsia.com/yasmeen-dalep-boutique-hotel
https://twsia.com/hospital-al-doctor-mhmd-dbyt,https://twsia.com/dr-mohamad-dbyt-hospital
https://twsia.com/country/sy/city/aleppo/sub-area/azaz,https://twsia.com/mstshfa-al-dktwr-mhmd-dbyt
https://twsia.com/country/sy/city/damascus/sub-area/aladawi,https://twsia.com/country/sy/city/aleppo/sub-area/azaz
https://twsia.com/hospital-al-twlyd-al-askry,https://twsia.com/military-maternity-hospital
https://twsia.com/school-al-mnarh-al-khash,https://twsia.com/al-manarah-private-school
https://twsia.com/the-national-evangelical-school,https://twsia.com/the-national-evangelical-school
https://twsia.com/school-al-mkhtar-al-nmwdhjyh-al-khash,https://twsia.com/al-mukhtar-model-private-school
https://twsia.com/mntja-al-shate-al-azrq,https://twsia.com/mntja-al-shate-al-azrq
https://twsia.com/al-hashmyh-al-khash,https://twsia.com/al-hashmyh-al-khash
https://twsia.com/sndwysh-kyfwrk,https://twsia.com/sndwysh-kyfwrk
https://twsia.com/tl-bany,https://twsia.com/tl-bany
https://twsia.com/school-al-ttbyqat-al-nmwdhjyh-al-khash,https://twsia.com/model-applications-private-school
https://twsia.com/school-al-ala-al-khash,https://twsia.com/al-oula-private-school
https://twsia.com/school-jnh-al-asafyr-al-khash,https://twsia.com/jannah-al-asafir-private-school
https://twsia.com/university-al-shhbaa-al-khash-al-mbna-al-jdyd,https://twsia.com/jamah-al-shhbaa-al-khash-al-mbna-al-jdyd
https://twsia.com/alkair-palace-hotel-and-restaurant,https://twsia.com/alkair-palace-hotel-and-restaurant
https://twsia.com/hotel-al-zhran,https://twsia.com/al-zahran-hotel
https://twsia.com/school-al-rdwan-al-khash,https://twsia.com/al-ridwan-private-school
https://twsia.com/school-ywhna-al-dmshqy-al-khash,https://twsia.com/yuhanna-dimashqi-private-school
https://twsia.com/jewellery-anwar-al-mdynh,https://twsia.com/jewelry-anwar-al-mdynh
https://twsia.com/search,https://twsia.com/search
https://twsia.com/zekreat-jewellery,https://twsia.com/zekreat-jewellery
https://twsia.com/school-al-mdynh-al-sghyrh,https://twsia.com/little-city-school
https://twsia.com/lali-jewels,https://twsia.com/lali-jewels
https://twsia.com/hospital-al-aasy-al-jdyd,https://twsia.com/new-assi-hospital
https://twsia.com/university-al-athad-al-khash,https://twsia.com/jamah-al-athad-al-khash
https://twsia.com/afnan-charming-hotel,https://twsia.com/afnan-charming-hotel
https://twsia.com/bkry-abw-shar,https://twsia.com/bkry-abw-shar
https://twsia.com/al-school-al-ywsfyh-llbnat,https://twsia.com/yousifiya-girls-school
https://twsia.com/chanel-jewelry-jewellery-shanyl,https://twsia.com/chanel-jewelry-mjwhrat-shanyl
https://twsia.com/school-al-aml-al-khash,https://twsia.com/al-amal-private-school
https://twsia.com/school-al-awdh-al-khash,https://twsia.com/highschool-al-awdh-al-khash
https://twsia.com/awksjyn-o2,https://twsia.com/awksjyn-o2
https://twsia.com/kindergarten-al-yasmyn-al-khash,https://twsia.com/kindergarten -al-yasmyn-al-khash
https://twsia.com/jewellery-al-adhm,https://twsia.com/jewelry-al-adhm
https://twsia.com/hotel-aal-bal,https://twsia.com/aal-bal-hotel
https://twsia.com/kindergarten-al-nwr-al-khash,https://twsia.com/hdanh-al-nwr-al-khash
https://twsia.com/lyana-jewellery,https://twsia.com/lyana-jewellery
https://twsia.com/showroom-rajw,https://twsia.com/mard-rajw
https://twsia.com/jewellery-abd-al-rhmn-hlywy,https://twsia.com/mswghat-abd-al-rhmn-hlywy
https://twsia.com/category/trade-and-retail,https://twsia.com/category/trade-and-retail
https://twsia.com/hanania-hotel,https://twsia.com/hanania-hotel
https://twsia.com/school-dmshq-al-wtnyh,https://twsia.com/highschool-dmshq-al-wtnyh
https://twsia.com/school-nwr-al-fjr,https://twsia.com/nour-al-fajr-school
https://twsia.com/jewellery-asamh,https://twsia.com/jewelry-asamh
https://twsia.com/mwlya,https://twsia.com/mwlya
https://twsia.com/school-al-klmh,https://twsia.com/al-kalima-school
https://twsia.com/hospital-al-asad-al-jrahy,https://twsia.com/al-assaad-surgical-hospital
https://twsia.com/country/sy/city/homs/category/hospitals-clinics,https://twsia.com/country/sy/city/homs/category/hospitals-clinics
https://twsia.com/country/sy/city/latakia/category/transportation-shipping-companies,https://twsia.com/country/sy/city/latakia/category/transportation-shipping-companies
https://twsia.com/kindergarten-al-ans,https://twsia.com/kindergarten -al-ans
https://murabaat.com/company-al-rafdyn-llshhn-w-al-nql,https://twsia.com/company-al-rafdyn-llshhn-w-al-nql
https://twsia.com/hotel-lwrws,https://twsia.com/laurus-hotel
https://twsia.com/country/sy/city/tartus,https://twsia.com/country/sy/city/tartus
https://twsia.com/company-fnc,https://twsia.com/company-fnc
https://twsia.com/al-hospital-al-tby-al-jrahy,https://twsia.com/medical-surgical-hospital
https://twsia.com/izes-hotel,https://twsia.com/izes-hotel
https://twsia.com/country/sy/city/homs/category/hotels-resorts,https://twsia.com/country/sy/city/homs/category/hotels-resorts
https://twsia.com/hotel-awrba,https://twsia.com/europa-hotel
https://twsia.com/azizieh-hospital,https://twsia.com/azizieh-hospital
https://twsia.com/hotel-antradws,https://twsia.com/antradus-hotel
https://twsia.com/jewellery-al-jndly,https://twsia.com/jewelry-al-jndly
https://twsia.com/hotel-armtaj,https://twsia.com/armtage-hotel
https://twsia.com/hospital-al-wtn-al-khas,https://twsia.com/al-watan-private-hospital
https://twsia.com/jewellery-al-rkn-al-dhhby,https://twsia.com/jewelry-al-rkn-al-dhhby
https://twsia.com/life-line-clinics,https://twsia.com/life-line-clinics
https://twsia.com/kindergarten-asafyr-al-jnh,https://twsia.com/kindergarten -asafyr-al-jnh
https://twsia.com/country/lb/category/commercial-shops,https://twsia.com/country/lb/category/commercial-shops
https://twsia.com/hospital-al-tb-al-arby-al-jrahy,https://twsia.com/arabic-medicine-surgical-hospital
https://twsia.com/school-bny-tghlb-al-thanyh-al-khash,https://twsia.com/bani-taghleb-2-private-school
https://twsia.com/school-sydh-al-frh-al-khash,https://twsia.com/sayidat-al-farah-private-school
https://twsia.com/royal-suites-hotel,https://twsia.com/royal-suites-hotel
https://twsia.com/agenor-hotel,https://twsia.com/agenor-hotel
https://twsia.com/school-al-mnyr-al-talymyh-al-khash,https://twsia.com/al-moneer-private-school
https://twsia.com/tourist-hotel,https://twsia.com/tourist-hotel
https://twsia.com/school-kindergarten-al-hyaa-al-khash,https://twsia.com/al-hayat-private-school
https://twsia.com/school-al-school-al-mhsnyh-llbnyn,https://twsia.com/al-mohsiniya-school
https://twsia.com/country/sy/category/contracting-companies/construction-companies,https://twsia.com/country/sy/category/contracting-companies/construction-companies
https://twsia.com/mnzwmh-bshaer-al-ayman-school-al-rghd-al-khash,https://twsia.com/al-raghad-private-school
https://twsia.com/boustan-hotel,https://twsia.com/boustan-hotel
https://twsia.com/al-university-al-dwlyh-llmaal-jh-al-snyh-al-shamlh-wal-mjanbh,https://twsia.com/al-jamah-al-dwlyh-llmaal-jh-al-snyh-al-shamlh-wal-mjanbh
https://murabaat.com/dndnh-cafe,https://twsia.com/dndnh-kafyh
https://twsia.com/hospital-al-razy-al-jdyd,https://twsia.com/al-razy-new-hospital
https://twsia.com/almashreq-hospital-hospital-al-mshrq,https://twsia.com/almashreq-hospital
https://twsia.com/school-jyl-al-ghd-al-khash,https://twsia.com/jil-al-ghad-private-school
https://twsia.com/al-school-al-amrykyh,https://twsia.com/american-school
https://twsia.com/hospital-al-astshary-al-hdyth,https://twsia.com/modern-consulting-hospital
https://twsia.com/hospital-dar-al-aywn-wal-tjmyl,https://twsia.com/dar-aloyoun-cosmetic-hospital
https://twsia.com/school-shms-al-maarf-al-khash,https://twsia.com/shams-al-maaref-private-school
https://twsia.com/golden-beach-hotel,https://twsia.com/golden-beach-hotel
https://twsia.com/hospital-bdya-hmwdh-al-jrahy,https://twsia.com/badea-hamoudeh-surgical-hospital
https://twsia.com/jdayde-hotel,https://twsia.com/jdayde-hotel
https://twsia.com/companies?page=8,https://twsia.com/companies?page=8
https://twsia.com/felicity-solar-service-maintenance-center,https://twsia.com/felicity-solar-service-maintenance-center
https://twsia.com/jewellery-dhkryat,https://twsia.com/jewelry-dhkryat
https://twsia.com/hotel-byt-al-mmlwkh,https://twsia.com/fbeit-al-mamloukeh-hotel
https://twsia.com/hospital-al-raayh-al-khash,https://twsia.com/al-rayah-private-hospital
https://twsia.com/kindergarten-al-rshyd,https://twsia.com/kindergarten -al-rshyd
https://twsia.com/school-al-aasyh-al-khash,https://twsia.com/al-asiya-private-school
https://twsia.com/hotel-brj-al-shahyn,https://twsia.com/burj-al-shahyn-hotel
https://twsia.com/hospital-al-ahram-al-tkhssy,https://twsia.com/al-ahram-specialty-hospital
https://twsia.com/school-al-frh-al-khash,https://twsia.com/al-farah-private-school
https://twsia.com/fallouh-house,https://twsia.com/fallouh-house
https://twsia.com/jewellery-al-ghrywaty-lldhhb,https://twsia.com/jewelry-al-ghrywaty-lldhhb
https://twsia.com/school-mahd-al-njah-al-khash-llbnat,https://twsia.com/highschool-mahd-al-njah-al-khash-llbnat
https://twsia.com/sham-lltaqh-al-solar-wal-btaryat,https://twsia.com/sham-lltaqh-al-shmsyh-wal-btaryat
https://twsia.com/kindergarten-al-mshaal,https://twsia.com/kindergarten -al-mshaal
https://twsia.com/company-hbh-al-hdythh,https://twsia.com/company-hbh-al-hdythh
https://twsia.com/kindergarten-njwm-al-ghd,https://twsia.com/kindergarten -njwm-al-ghd
https://twsia.com/la-capital-damas,https://twsia.com/la-capital-damas
https://twsia.com/hospital-al-aysa,https://twsia.com/al-ayssa-hospital
https://twsia.com/hotel-qsr-al-shrq,https://twsia.com/qasr-al-sharq-hotel
https://twsia.com/max-power,https://twsia.com/max-power
https://twsia.com/jewellery-bsam-tamh,https://twsia.com/jewelry-bsam-tamh
https://twsia.com/royal-gold,https://twsia.com/royal-gold
https://twsia.com/hospital-al-mdynh,https://twsia.com/al-madina-hospital
https://twsia.com/syf-w-shty,https://twsia.com/syf-w-shty
https://twsia.com/mktbauto-bazar,https://twsia.com/officeauto-bazar
https://twsia.com/company-al-hyah-lltkhlys-al-customs-clearance-wal-nql-al-arby-wal-dwly,https://twsia.com/company-al-hyah-lltkhlys-al-jmrky-wal-nql-al-arby-wal-dwly
https://twsia.com/byt-rman,https://twsia.com/byt-rman
https://twsia.com/school-al-amal-al-rafdh-al-khash,https://twsia.com/alamal-alrafedah-private-school
https://twsia.com/hotel-al-dywan,https://twsia.com/al-diwan-hotel
https://twsia.com/beit-zaman-hotel,https://twsia.com/beit-zaman-hotel
https://twsia.com/school-al-amyn-al-khash,https://twsia.com/al-ameen-private-school
https://twsia.com/amyh,https://twsia.com/amyh
https://twsia.com/hotel-sultan,https://twsia.com/hotel-sultan
https://twsia.com/hospital-bshyr-aalajaty-lltwlyd,https://twsia.com/bashir-maternity-hospital
https://twsia.com/country/eg/category/technology,https://twsia.com/country/eg/category/technology
https://twsia.com/country/eg/city/aljiza,https://twsia.com/country/eg/city/aljiza
https://twsia.com/hotel-amyh,https://twsia.com/omyah-hotel
https://twsia.com/jewellery-abyd-w-sman,https://twsia.com/jewelry-abyd-w-sman
https://twsia.com/al-school-al-hdythh-al-khash,https://twsia.com/al-hadythh-private-school
https://twsia.com/hotel-antyk-khan,https://twsia.com/antique-khan-hotel
https://twsia.com/coral-julia-dumna-hotel,https://twsia.com/coral-julia-dumna-hotel
https://twsia.com/jewellery-byt-al-dhhb,https://twsia.com/jewelry-byt-al-dhhb
https://twsia.com/dar-halabia-hotel,https://twsia.com/dar-halabia-hotel
https://twsia.com/rubino-jewellery,https://twsia.com/rubino-jewellery
https://twsia.com/jewellery-jbwly,https://twsia.com/jewelry-jbwly
https://twsia.com/school-al-aml-al-khash-1,https://twsia.com/al-amal-private-school-1
https://twsia.com/maher-yazeji-jewellery,https://twsia.com/maher-yazeji-jewellery
https://twsia.com/school-al-awj-al-khash,https://twsia.com/al-awj-private-school
https://twsia.com/school-iylaf-al-khash,https://twsia.com/ilaf-private-school
https://twsia.com/mjma-al-sham-al-tby,https://twsia.com/mjma-al-sham-al-tby
https://twsia.com/h-house-hotel-hotel-byt-al-jwd-wal-krm,https://twsia.com/beit-al-joud-wal-karam-hotel
https://twsia.com/hospital-al-amyn-al-tkhssy,https://twsia.com/al-ameen-specialty-hospital
https://twsia.com/jewellery-al-zyn,https://twsia.com/jewelry-al-zyn
https://twsia.com/hotel-aylya-al-syahy,https://twsia.com/aylya-touristic-hotel
https://twsia.com/hospital-al-kindergarten-al-jrahy,https://twsia.com/al-rawda-surgical-hospital
https://twsia.com/hotel-inana,https://twsia.com/inana-hotel
https://twsia.com/hlb-al-jdydh-abn-hyan-al-khash,https://twsia.com/hlb-al-jdydh-abn-hyan-al-khash
https://twsia.com/services,https://twsia.com/services
https://twsia.com/country/sy/city/damascus/sub-area/bab-touma,https://twsia.com/country/sy/city/damascus/sub-area/bab-touma
https://twsia.com/ard-al-dhhb-golden-land,https://twsia.com/ard-al-dhhb-golden-land
https://twsia.com/hotel-zyn-blas,https://twsia.com/zain-plase-hotel
https://twsia.com/hospital-al-shfaa,https://twsia.com/al-shifa-hospital
https://twsia.com/btwq,https://twsia.com/btwq
https://twsia.com/country/sy/category/energy-companies?page=4,https://twsia.com/country/sy/category/energy-companies?page=4
https://twsia.com/school-al-msawdyh-al-khash,https://twsia.com/masoudiya-private-school
https://twsia.com/hospital-al-jsry,https://twsia.com/al-jasry-hospital
https://twsia.com/country/eg/category/medical-centers/dental-clinics,https://twsia.com/country/eg/category/medical-centers/dental-clinics
https://twsia.com/kindergarten-al-njwm,https://twsia.com/kindergarten -al-njwm
https://twsia.com/jewellery-abnaa-nwr-al-dyn,https://twsia.com/jewelry-abnaa-nwr-al-dyn
https://twsia.com/kemareah-hotel,https://twsia.com/kemareah-hotel
https://twsia.com/school-al-mawnh-al-khash-llinath,https://twsia.com/al-mawneh-girls-private-school
https://twsia.com/jewellery-jewellery-ahmd-sbhy-hlywy,https://twsia.com/mswghat-mswghat-ahmd-sbhy-hlywy
https://twsia.com/al-shahd-llmjwhrat,https://twsia.com/al-shahd-llmjwhrat
https://twsia.com/country/eg/city/cairo,https://twsia.com/country/eg/city/cairo
https://twsia.com/store-mhmd-hsham-al-khdry,https://twsia.com/mhl-mhmd-hsham-al-khdry
https://twsia.com/rwad-al-mjd-al-khash,https://twsia.com/rwad-al-mjd-al-khash
https://twsia.com/kindergarten-al-njwm-al-khash,https://twsia.com/kindergarten -al-njwm-al-khash
https://twsia.com/school-shate-al-atfal-al-khash-shatea-alatfal-school,https://twsia.com/shatea-al-atfal-private-school
https://twsia.com/hospital-al-sbyl-al-tkhssy-al-jrahy,https://twsia.com/al-sabeel-specialty-surgical-hospital
https://twsia.com/jewellery-al-mash,https://twsia.com/jewelry-al-mash
https://twsia.com/school-mnahl-al-khyrat-al-khash,https://twsia.com/manahil-al-khayrat-private-school
https://twsia.com/school-al-khtwh-al-awla,https://twsia.com/first-step-school
https://twsia.com/school-dwhh-al-rhab,https://twsia.com/dawhat-al-rahab-school
https://twsia.com/school-abjdyh-al-ghryb-al-khash,https://twsia.com/abjadiyat-al-gharib-private-school
https://twsia.com/jewellery-nakkashian,https://twsia.com/jewellery-nakkashian
https://twsia.com/al-hospital-al-swry-al-frnsy-al-tkhssy,https://twsia.com/syrian-french-specialty-hospital
https://twsia.com/hanadi-hotel,https://twsia.com/hanadi-hotel
https://twsia.com/country/sy/category/financial-institutions/fnancial-companies,https://twsia.com/country/sy/category/financial-institutions/fnancial-companies
https://twsia.com/school-al-awael-al-nmwdhjyh-al-khash-llbnat,https://twsia.com/al-awail-model-girls-private-school
https://twsia.com/al-saleh-private-school,https://twsia.com/al-saleh-private-school
https://twsia.com/hospital-al-twlyd-al-khas,https://twsia.com/private-maternity-hospital
https://twsia.com/school-al-sham-al-nmwdhjyh-al-khash-llbnyn,https://twsia.com/highschool-al-sham-al-nmwdhjyh-al-khash-llbnyn
https://twsia.com/school-al-jmhwr-al-khash-llinath,https://twsia.com/al-jumhour-girls-private-school
https://twsia.com/al-hospital-al-arby-al-jdyd,https://twsia.com/new-arabic-hospital
https://twsia.com/st-paul-boutiqe-hotel,https://twsia.com/st-paul-boutiqe-hotel
https://twsia.com/shamo-jewellery-jewellery-shamw,https://twsia.com/shamo-jewellery-mjwhrat-shamw
https://twsia.com/cole-prive-al-riaya-school-al-raayh-al-khash,https://twsia.com/al-riaya-private-school
https://twsia.com/school-al-sydh-mrym-al-khash,https://twsia.com/sayyidah-maryam-private-school
https://twsia.com/center-al-andls-llalwm-al-syahyh,https://twsia.com/mrkz-al-andls-llalwm-al-syahyh
https://twsia.com/al-hospital-al-ahly-al-tkhssy,https://twsia.com/al-ahly-specialty-hospital
https://twsia.com/school-abn-khldwn-al-khash,https://twsia.com/ibn-khaldoun-private-school
https://twsia.com/nwr-lltqnyat-al-khrbaeyh-wal-solar-al-solar,https://twsia.com/nwr-lltqnyat-al-khrbaeyh-wal-taqh-al-shmsyh
https://twsia.com/country/sy/category/beauty-centers/hair-care-centers,https://twsia.com/country/sy/category/beauty-centers/hair-care-centers
https://twsia.com/school-al-zhraa-al-khash-al-martyny,https://twsia.com/al-zahraa-private-school
https://twsia.com/hospital-al-hyah,https://twsia.com/al-hayat-hospital
https://twsia.com/mirage-palace-hotel,https://twsia.com/mirage-palace-hotel
https://twsia.com/school-al-qryh-al-sghyrh,https://twsia.com/little-village-school
https://twsia.com/al-hospital-al-swry-al-tkhssy,https://twsia.com/syrian-specialty-hospital
https://twsia.com/al-university-al-arbyh-al-khash-llalwm-wal-tknwlwjya,https://twsia.com/al-jamah-al-arbyh-al-khash-llalwm-wal-tknwlwjya
https://twsia.com/company-mwlr-llshhn-al-dwly,https://twsia.com/company-mwlr-llshhn-al-dwly
https://twsia.com/jewellery-hsn,https://twsia.com/jewelry-hsn
https://twsia.com/country/sy/category/energy-companies,https://twsia.com/country/sy/category/energy-companies
https://twsia.com/country/jo/category/contracting-companies,https://twsia.com/country/jo/category/contracting-companies
https://twsia.com/ambassador-hotel,https://twsia.com/ambassador-hotel
https://twsia.com/country/jo/category/educational-centers,https://twsia.com/country/jo/category/educational-centers
https://twsia.com/hospital-al-abasyh,https://twsia.com/al-abbasiyah-hospital
https://twsia.com/hospital-al-zaym-al-tkhssy,https://twsia.com/al-zaaim-specialty-hospital
https://twsia.com/aal-m-al-mjwhratyhya-al-rhal,https://twsia.com/aal-m-al-mjwhratyhya-al-rhal
https://twsia.com/country/eg/city/cairo/sub-area/alzamalik,https://twsia.com/country/eg/city/cairo/sub-area/alzamalik
https://twsia.com/jewellery-hlb,https://twsia.com/mswghat-hlb
https://twsia.com/al-university-al-arbyh-al-khash-llalwm-wal-tknwlwjya,https://www.twsia.com/al-jamah-al-arbyh-al-khash-llalwm-wal-tknwlwjya
https://twsia.com/kindergarten-nbras-al-marfh,https://twsia.com/kindergarten -nbras-al-marfh
https://twsia.com/office-ylaghw-hlb,https://twsia.com/office-ylaghw-hlb
https://twsia.com/school-dwhh-al-trbyh-al-khash,https://twsia.com/dawhat-al-tarbiyah-private-school
https://twsia.com/school-jabr-al-ansary-khash,https://twsia.com/jabr-al-ansari-private-school
https://twsia.com/mossh-tryq-al-njah-al-talymh-al-khash,https://twsia.com/mossh-tryq-al-njah-al-talymh-al-khash
https://twsia.com/school-arwad-al-khash,https://twsia.com/arwad-private-school
https://twsia.com/school-al-anayh-al-khash,https://twsia.com/al-inayah-private-school
https://twsia.com/hospital-smart-kyr-al-tkhssy-smart-care-hospital,https://twsia.com/smart-care-specialty-hospital
https://twsia.com/company-al-shhbaa-llshhn,https://twsia.com/company-al-shhbaa-llshhn
https://twsia.com/school-al-mkhtar-al-nmwdhjyh,https://twsia.com/al-mukhtar-model-school
https://twsia.com/beit-zafran-hotel-de-charme,https://twsia.com/beit-zafran-hotel-de-charme
https://twsia.com/turquoise-hotel,https://twsia.com/turquoise-hotel
https://twsia.com/school-fjr-al-tfwq-al-khash,https://twsia.com/fajr-al-tafoq-private-school
https://twsia.com/abw-jwrj,https://twsia.com/abw-jwrj
https://twsia.com/hotel-al-aamr,https://twsia.com/al-aamer-hotel
https://twsia.com/hotel-bsman,https://twsia.com/basman-hotel
https://twsia.com/country/eg/city/cairo/sub-area/city-nasr/category/car-companies,https://twsia.com/country/eg/city/cairo/sub-area/city-nasr/category/car-companies
https://twsia.com/hotel-qsr-al-fars,https://twsia.com/qasr-al-fares-hotel
https://twsia.com/country/sy/category/hotels-resorts,https://twsia.com/country/sy/category/hotels-resorts
https://twsia.com/country/sy/category/trade-and-retail/Jewelry-Gold-Shops,https://twsia.com/country/sy/category/trade-and-retail/Jewelry-Gold-Shops
https://twsia.com/country/lb/category/contracting-companies,https://twsia.com/country/lb/category/contracting-companies
https://twsia.com/country/lb/category/energy-companies,https://twsia.com/country/lb/category/energy-companies
https://twsia.com/school-aafaq-al-sham-al-khashinath,https://twsia.com/afaq-al-sham-private-school
https://twsia.com/country/sy/category/medical-centers,https://twsia.com/country/sy/category/medical-centers
https://twsia.com/btc-logistic-syria,https://twsia.com/btc-logistic-syria
https://twsia.com/country/sy/city/damascus,https://twsia.com/country/sy/city/damascus
https://twsia.com/kindergarten-al-martqla,https://twsia.com/kindergarten -al-martqla
https://twsia.com/jewellery-dha,https://twsia.com/jewelry-dha
https://twsia.com/country/eg/category/energy-companies,https://twsia.com/country/eg/category/energy-companies
https://twsia.com/school-al-njah-al-khash,https://twsia.com/al-najah-private-school
https://twsia.com/al-hospital-al-swry,https://twsia.com/alsouri-hospital
https://twsia.com/category/educational-centers,https://twsia.com/category/educational-centers
https://twsia.com/hospital-al-nwr-lltwlyd,https://twsia.com/al-noor-maternity-hospital
https://twsia.com/hospital-al-rshyd,https://twsia.com/al-rasheed-hospital
https://twsia.com/hotel-al-bhr-bls,https://twsia.com/bahr-plase-hotel
https://twsia.com/hospital-bysan,https://twsia.com/baysan-hospital
https://twsia.com/hotel-trtws-al-kbyr,https://twsia.com/tartous-grand-hotel
https://twsia.com/hospital-al-hkmh,https://twsia.com/hikma-hospital
https://twsia.com/school-dar-al-slam,https://twsia.com/dar-al-salam-school
https://twsia.com/hospital-al-asdy,https://twsia.com/al-asady-hospital
https://twsia.com/jewellery-wmswghat-kfa,https://twsia.com/jewelry-wmswghat-kfa
https://twsia.com/category/educational-centers?page=2,https://twsia.com/category/educational-centers?page=2
https://twsia.com/country/sy/city/aleppo/sub-area/afrin,https://twsia.com/country/sy/city/aleppo/sub-area/afrin
https://twsia.com/school-alya-al-khask,https://twsia.com/aliya-private-school
https://twsia.com/category/educational-centers?page=3,https://twsia.com/category/educational-centers?page=3
https://twsia.com/category/educational-centers?page=4,https://twsia.com/category/educational-centers?page=4
https://twsia.com/jewellery-brkat,https://twsia.com/jewelry-brkat
https://twsia.com/country/eg/category/technology-companies,https://twsia.com/country/eg/category/technology-companies
https://twsia.com/school-dar-al-naym,https://twsia.com/dar-al-naeem-school
https://twsia.com/hospital-al-ahly,https://twsia.com/alahly-hospital
https://twsia.com/hospital-al-shhbaa-al-tkhssy,https://twsia.com/al-shahbaa-specialty-hospital
https://twsia.com/hospital-al-fyhaa,https://twsia.com/fayhaa-hospital
https://twsia.com/hospital-al-kndy,https://twsia.com/al-kindi-hospital
https://twsia.com/hospital-al-shamy,https://twsia.com/al-shami-hospital
https://twsia.com/kindergarten-w-school-al-ibdaa-al-khash,https://twsia.com/al-ibdaa-private-kindergarten-school
https://twsia.com/hospital-al-gas-station,https://twsia.com/al-mahath-hospital
https://twsia.com/hospital-amyh,https://twsia.com/omyah-hospital
https://twsia.com/brymks-llshhn-al-dwly,https://twsia.com/brymks-llshhn-al-dwly
https://twsia.com/hotel-al-qysr,https://twsia.com/al-qaysar-hotel
https://twsia.com/country/eg/city/aljiza/sub-area/alduqi,https://twsia.com/country/eg/city/aljiza/sub-area/alduqi
https://twsia.com/about,https://twsia.com/about
https://twsia.com/hotel-al-sal-h,https://twsia.com/al-salih-hotel
https://twsia.com/al-hospital-al-iytal-y,https://twsia.com/italian-hospital
https://twsia.com/jewellery-t,https://twsia.com/jewelry-t
https://twsia.com/office-al-jrjnazy-lajar-al-cars,https://twsia.com/office-al-jrjnazy-lajar-al-syarat
https://twsia.com/kindergarten-al-qswr-al-ahlyh,https://twsia.com/kindergarten -al-qswr-al-ahlyh
https://twsia.com/auth/signin,https://twsia.com/auth/signin
https://twsia.com/hospital-hsn-shykh-al-ard-al-tkhssy,https://twsia.com/hassan-sheikh-alard-specialty-hospital
https://twsia.com/jewellery-smyr,https://twsia.com/jewelry-smyr
https://twsia.com/kindergarten-al-aml-al-khash-1,https://twsia.com/kindergarten -al-aml-al-khash-1
https://www.twsia.com/category/trade-and-retail,https://www.twsia.com/category/trade-and-retail
https://twsia.com/companies?page=7,https://twsia.com/companies?page=7
https://twsia.com/hospital-al-qdys-lwys-al-frnsy,https://twsia.com/saint-louis-french-hospital
https://twsia.com/infinity-fitness-gym,https://twsia.com/infinity-fitness-gym
https://twsia.com/dar-al-noor-hotel-hotel-dar-al-nwr,https://twsia.com/dar-al-noor-hotel
https://twsia.com/country/sy/city/aleppo,https://twsia.com/country/sy/city/aleppo
https://twsia.com/country/eg/city/cairo/sub-area/city-nasr,https://twsia.com/country/eg/city/cairo/sub-area/city-nasr
https://twsia.com/category/restaurants,https://twsia.com/category/restaurants
https://www.twsia.com/category/restaurants,https://www.twsia.com/category/restaurants
https://twsia.com/lwz-wskr,https://twsia.com/lwz-wskr
https://twsia.com/bshara-jewelry,https://twsia.com/bshara-jewelry
https://twsia.com/office-al-arab,https://twsia.com/office-al-arab
https://twsia.com/country/eg/city/cairo/sub-area/maadi,https://twsia.com/country/eg/city/cairo/sub-area/maadi
https://twsia.com/hotel-al-btraa,https://twsia.com/al-batraa-hotel
https://twsia.com/hotel-dywnyzyas,https://twsia.com/dionysias-hotel
https://twsia.com/jewellery-wmswghat-al-hwrany,https://twsia.com/jewelry-wmswghat-al-hwrany
https://twsia.com/kindergarten-snabl-al-khyr,https://twsia.com/kindergarten -snabl-al-khyr
https://twsia.com/showroom-zkrya,https://twsia.com/mard-zkrya
https://twsia.com/jewellery-al-wlaa,https://twsia.com/jewelry-al-wlaa
https://twsia.com/al-school-al-ahlyh-al-khash-astfan,https://twsia.com/al-thanwyh-al-ahlyh-al-khash-astfan
https://twsia.com/lingo-kids,https://twsia.com/lingo-kids
https://twsia.com/school-al-abdaa-al-khash,https://twsia.com/al-ebdaa-private-school
https://twsia.com/privacy,https://twsia.com/privacy
https://twsia.com/school-dwhh-al-blabl,https://twsia.com/dawhat-al-balabel-school
https://twsia.com/afamia-hotel-resort,https://twsia.com/afamia-hotel-resort
https://twsia.com/country/sy/category/restaurants,https://twsia.com/country/sy/category/restaurants
https://twsia.com/hospital-al-sydh-al-jrahy,https://twsia.com/al-saydeh-surgical-hospital
https://twsia.com/kindergarten-roa-al-mstqbl,https://twsia.com/kindergarten -roa-al-mstqbl
https://twsia.com/university-al-sham-al-khash-aspu,https://twsia.com/jamah-al-sham-al-khash-aspu
https://twsia.com/company-alma-lltkhlys-al-customs-clearance,https://twsia.com/company-alma-lltkhlys-al-jmrky
https://twsia.com/jewellery-al-shryqy,https://twsia.com/jewelry-al-shryqy
https://twsia.com/school-al-tlyah-al-khash-bdmshq,https://twsia.com/al-talia-private-school-damascus
https://twsia.com/country/jo/category/contracting-companies/construction-companies,https://twsia.com/country/jo/category/contracting-companies/construction-companies
https://twsia.com/country/lb/city/beirut/sub-area/sharie-almasarif,https://twsia.com/country/lb/city/beirut/sub-area/sharie-almasarif
https://twsia.com/country/jo/category/energy-companies,https://twsia.com/country/jo/category/energy-companies
https://twsia.com/companies?page=1,https://twsia.com/companies?page=1
https://twsia.com/companies?page=5,https://twsia.com/companies?page=5
https://twsia.com/companies?page=3,https://twsia.com/companies?page=3
https://twsia.com/showroom-abad-al-rhmn,https://twsia.com/mard-abad-al-rhmn
https://twsia.com/hospital-al-rhmh,https://twsia.com/al-rahma-hospital
https://twsia.com/pub-shrqy,https://twsia.com/pub-shrqy
https://twsia.com/country/sy/category/educational-centers,https://twsia.com/country/sy/category/educational-centers
https://twsia.com/hospital-tshryn-al-jamay,https://twsia.com/tishreen-university-hospital
https://twsia.com/mahd-al-rayh,https://twsia.com/mahd-al-rayh
https://twsia.com/hotel-al-hdyqh,https://twsia.com/al-hadiqa-hotel
https://twsia.com/jewellery-hydr,https://twsia.com/jewelry-hydr
https://twsia.com/adib-jewelery,https://twsia.com/adib-jewelery
https://twsia.com/hospital-al-razy,https://twsia.com/al-razy-hospital
https://twsia.com/hotel-tdmr,https://twsia.com/tadmor-hotel
https://twsia.com/hotel-sfyr-hms,https://twsia.com/safir-homs-hotel
https://twsia.com/company-International-shipping-al-hythm,https://twsia.com/company-shhn-al-hythm
https://twsia.com/country/lb/category/technology,https://twsia.com/country/lb/category/technology
https://twsia.com/krfan-llshhn-al-dwly,https://twsia.com/krfan-llshhn-al-dwly
https://twsia.com/kindergarten-wmdrsh-al-nwr-al-khash,https://twsia.com/al-noor-private-kindergarten-school
https://twsia.com/jewellery-al-bdwy,https://twsia.com/jewelry-al-bdwy
https://twsia.com/showroom-tftnaz,https://twsia.com/mard-tftnaz
https://twsia.com/kindergarten-shmws-al-ghd,https://twsia.com/kindergarten -shmws-al-ghd
https://twsia.com/office-sraqb,https://twsia.com/office-sraqb
https://twsia.com/braam-aadhar,https://twsia.com/braam-aadhar
https://twsia.com/office-banyas,https://twsia.com/office-banyas
https://twsia.com/kindergarten-al-kwkh,https://twsia.com/kindergarten -al-kwkh
https://twsia.com/hotel-klasykal,https://twsia.com/classical-hotel
https://twsia.com/office-al-sal-h,https://twsia.com/office-al-sal-h
https://twsia.com/company-hwranyh,https://twsia.com/company-hwranyh
https://twsia.com/mjmwah-nhas,https://twsia.com/mjmwah-nhas
https://twsia.com/country/sy/city/aleppo?page=4,https://twsia.com/country/sy/city/aleppo?page=4
https://twsia.com/kindergarten-braam-al-ghfran,https://twsia.com/kindergarten -braam-al-ghfran
https://twsia.com/hotel-abw-al-kmyt,https://twsia.com/abu-al-kamit-hotel
https://twsia.com/hospital-al-mwasah,https://twsia.com/al-muwasat-hospital
https://twsia.com/al-ywsf-llshhn-al-dwly-fra-hmah,https://twsia.com/al-ywsf-llshhn-al-dwly-fra-hmah
https://twsia.com/kindergarten-yasmyn-al-sham,https://twsia.com/kindergarten -yasmyn-al-sham
https://twsia.com/company-abw-zynw,https://twsia.com/company-abw-zynw
https://twsia.com/hospital-al-amwry,https://twsia.com/al-amouri-hospital
https://twsia.com/showroom-ahmd-rmdan,https://twsia.com/mard-ahmd-rmdan
https://twsia.com/jewellery-mswh,https://twsia.com/jewelry-mswh
https://twsia.com/company-al-lwlw-llsyarat,https://twsia.com/company-al-lwlw-llsyarat
https://twsia.com/sindibad-kindergarten,https://twsia.com/sindibad-kindergarten
https://twsia.com/country/sy/city/damascus/sub-area/Altal,https://twsia.com/country/sy/city/damascus/sub-area/Altal
https://twsia.com/country/lb/city/beirut,https://twsia.com/country/lb/city/beirut
https://twsia.com/country/sy/category/sports-facilities,https://twsia.com/country/sy/category/sports-facilities
https://twsia.com/kindergarten-al-rwaby,https://twsia.com/kindergarten -al-rwaby
https://twsia.com/kindergarten-al-snabl-al-fra-al-awl,https://twsia.com/kindergarten -al-snabl-al-fra-al-awl
https://twsia.com/showroom-mrhf-hdad,https://twsia.com/mard-mrhf-hdad
https://twsia.com/kindergarten-al-hkmh,https://twsia.com/kindergarten -al-hkmh
https://twsia.com/kindergarten-al-nda,https://twsia.com/kindergarten -al-nda
https://twsia.com/kassabian-company-company-qsabyan,https://twsia.com/kassabian-company-shrkh-qsabyan
https://twsia.com/kindergarten-dyzny-kydz,https://twsia.com/kindergarten -dyzny-kydz
https://twsia.com/hotel-sarh,https://twsia.com/sarah-hotel
https://twsia.com/showroom-al-hbal,https://twsia.com/mard-al-hbal
https://twsia.com/knq-al-cars,https://twsia.com/knq-al-syarat
https://twsia.com/teacher-motors-abw-mmdwh,https://twsia.com/teacher-motors-abw-mmdwh
https://twsia.com/hospital-al-mjd,https://twsia.com/al-majd-hospital
https://twsia.com/company-abwras-al-tjaryh-llitarat,https://twsia.com/company-abwras-al-tjaryh-llitarat
https://twsia.com/kindergarten-al-wfaa,https://twsia.com/kindergarten -al-wfaa
https://twsia.com/zeitoun-jewelry,https://twsia.com/zeitoun-jewelry
https://twsia.com/braam-al-nwr,https://twsia.com/braam-al-nwr
https://twsia.com/kindergarten-frdw,https://twsia.com/kindergarten -frdw
https://twsia.com/company-mllwk-llsyarat,https://twsia.com/company-mllwk-llsyarat
https://twsia.com/kindergarten-al-ala,https://twsia.com/kindergarten -al-ala
https://twsia.com/jewellery-al-mhbh,https://twsia.com/jewelry-al-mhbh
https://twsia.com/syro-motors,https://twsia.com/syro-motors
https://twsia.com/office-abd-al-jwad,https://twsia.com/office-abd-al-jwad
https://twsia.com/kindergarten-al-mamwn,https://twsia.com/kindergarten -al-mamwn
https://twsia.com/hospital-al-slam,https://twsia.com/al-salam-hospital
https://twsia.com/jewellery-kmal,https://twsia.com/jewelry-kmal
https://twsia.com/hospital-dar-al-shfaa,https://twsia.com/dar-alshifa-hospital
https://twsia.com/al-barwdyh,https://twsia.com/al-barwdyh
https://twsia.com/jewellery-asamh-aaram,https://twsia.com/jewelry-asamh-aaram
https://twsia.com/hospital-al-shqqy,https://twsia.com/al-sheqaqi-hospital
https://twsia.com/jewellery-dhby-wagha,https://twsia.com/jewelry-dhby-wagha
https://twsia.com/company-mwbs,https://twsia.com/company-mwbs
https://twsia.com/add-company,https://twsia.com/add-company
https://twsia.com/hospital-al-mal-k,https://twsia.com/al-malek-hospital
https://twsia.com/jewellery-jbran,https://twsia.com/mswghat-jbran
https://twsia.com/mdrshetc-al-khash,https://twsia.com/etc-private-school
https://twsia.com/kindergarten-dar-al-mrh,https://twsia.com/kindergarten -dar-al-mrh
https://twsia.com/kindergarten-shamna,https://twsia.com/kindergarten -shamna
https://twsia.com/kindergarten-al-nwr,https://twsia.com/kindergarten -al-nwr
https://twsia.com/kindergarten-tshryn,https://twsia.com/kindergarten -tshryn
https://twsia.com/company-kmal-khyr,https://twsia.com/company-kmal-khyr
https://twsia.com/hospital-al-shrq,https://twsia.com/al-sharq-hospital
https://twsia.com/company-khdrh-al-tjaryh,https://twsia.com/company-khdrh-al-tjaryh
https://twsia.com/al-wsyt-lltjarh,https://twsia.com/al-wsyt-lltjarh
https://twsia.com/jwdks-llshhn-al-dwly,https://twsia.com/jwdks-llshhn-al-dwly
https://twsia.com/office-al-qysr,https://twsia.com/office-al-qysr
https://twsia.com/terms,https://twsia.com/terms
https://twsia.com/jewellery-rtyl,https://twsia.com/jewelry-rtyl
https://twsia.com/mjmwah-shmwt,https://twsia.com/mjmwah-shmwt
https://twsia.com/kindergarten-azhar-al-bnfsj,https://twsia.com/kindergarten -azhar-al-bnfsj
https://twsia.com/school-djlh-al-khash,https://twsia.com/dajla-private-school
https://twsia.com/company-hany-abdllh-naym,https://twsia.com/company-hany-abdllh-naym
https://twsia.com/kindergarten-snabl-al-tfwlh,https://twsia.com/kindergarten -snabl-al-tfwlh
https://twsia.com/kindergarten-aafaq-al-tfwlh,https://twsia.com/kindergarten -aafaq-al-tfwlh
https://twsia.com/kindergarten-drwb-al-nwr,https://twsia.com/kindergarten -drwb-al-nwr
https://twsia.com/caramel-preschool-kindergarten-karamyl,https://twsia.com/caramel-preschool-rwdh-karamyl
https://twsia.com/dwhh-al-bshyr,https://twsia.com/dwhh-al-bshyr
https://twsia.com/kindergarten-al-snabl-al-fra-al-thany,https://twsia.com/kindergarten -al-snabl-al-fra-al-thany
https://twsia.com/kindergarten-kmal-al-tfwlh,https://twsia.com/kindergarten -kmal-al-tfwlh
https://twsia.com/kindergarten-ahlam-al-tfwlh,https://twsia.com/kindergarten -ahlam-al-tfwlh
https://twsia.com/kindergarten-drym-land,https://twsia.com/kindergarten -drym-land
https://twsia.com/kindergarten-al-nkhyl,https://twsia.com/kindergarten -al-nkhyl
https://twsia.com/hospital-al-hwrany,https://twsia.com/hawrani-hospital
https://twsia.com/company-sfwan-dyb-llsyarat,https://twsia.com/company-sfwan-dyb-llsyarat
https://twsia.com/afamya-al-sham,https://twsia.com/afamya-al-sham
https://twsia.com/aybla-llshhn-al-dwly,https://twsia.com/aybla-llshhn-al-dwly
https://twsia.com/country/sy/category/restaurants/cafes,https://twsia.com/country/sy/category/restaurants/cafés
https://twsia.com/kindergarten-nwr-al-ajyal,https://twsia.com/kindergarten -nwr-al-ajyal
https://twsia.com/school-mary-al-khash,https://twsia.com/mary-private-school
https://twsia.com/krfan-llshhn-al-dwly-fra-hmah,https://twsia.com/krfan-llshhn-al-dwly-fra-hmah
https://twsia.com/kindergarten-mama-nbyla,https://twsia.com/kindergarten -mama-nbyla
https://twsia.com/rasal-ltjarh-al-cars,https://twsia.com/rasal-ltjarh-al-syarat
https://twsia.com/jewellery-mtya,https://twsia.com/jewelry-mtya
https://twsia.com/showroom-zaza,https://twsia.com/mard-zaza
https://twsia.com/office-abw-al-az,https://twsia.com/office-abw-al-az
https://twsia.com/kindergarten-dar-al-krm,https://twsia.com/kindergarten -dar-al-krm
https://twsia.com/kindergarten-mdynh-al-atfal,https://twsia.com/kindergarten -mdynh-al-atfal
https://twsia.com/hospital-al-mzrah,https://twsia.com/al-mazraah-hospital
https://twsia.com/abrahym-al-shnth,https://twsia.com/abrahym-al-shnth
https://twsia.com/royal-cars,https://twsia.com/royal-cars
https://twsia.com/jewellery-al-rfaay-2,https://twsia.com/jewelry-al-rfaay-2
https://twsia.com/university-bshyr-rhyjh,https://twsia.com/jamah-bshyr-rhyjh
https://twsia.com/auto-plus,https://twsia.com/auto-plus
https://twsia.com/office-al-skmany,https://twsia.com/office-al-skmany
https://twsia.com/office-drwysh-llsyarat,https://twsia.com/office-drwysh-llsyarat
https://twsia.com/alkabbany,https://twsia.com/alkabbany
https://twsia.com/office-al-rhwnjy,https://twsia.com/office-al-rhwnjy
https://twsia.com/al-raed-llsyarat,https://twsia.com/al-raed-llsyarat
https://twsia.com/kindergarten-bshaer-al-iyman,https://twsia.com/kindergarten -bshaer-al-iyman
https://twsia.com/mlaekh-al-dhhb,https://twsia.com/mlaekh-al-dhhb
https://twsia.com/jewellery-al-aamyn,https://twsia.com/jewelry-al-aamyn
https://twsia.com/kindergarten-al-zhwr,https://twsia.com/kindergarten -al-zhwr
https://twsia.com/kindergarten-al-frqan,https://twsia.com/kindergarten -al-frqan
https://twsia.com/kindergarten-bably-land,https://twsia.com/hdanh-bably-land
https://twsia.com/qbany-lqta-ghyar-al-cars,https://twsia.com/qbany-lqta-ghyar-al-syarat
https://twsia.com/hospital-al-bdr-al-tkhssy,https://twsia.com/al-badr-specialty-hospital
https://twsia.com/hospital-d-nasr-shqyr,https://twsia.com/dr-nasser-shuqair-hospital
https://twsia.com/kindergarten-snabl-al-nyrb,https://twsia.com/kindergarten -snabl-al-nyrb
https://twsia.com/company-loy-hmzh,https://twsia.com/company-loy-hmzh
https://twsia.com/kindergarten-tlaea-jrmana,https://twsia.com/kindergarten -tlaea-jrmana
https://twsia.com/kindergarten-ajyal-al-khash,https://twsia.com/kindergarten -ajyal-al-khash
https://twsia.com/kindergarten-frdws-al-atfal,https://twsia.com/kindergarten -frdws-al-atfal
https://twsia.com/kindergarten-dwhh-al-sghar,https://twsia.com/kindergarten -dwhh-al-sghar
https://twsia.com/jewellery-mlwhy,https://twsia.com/jewelry-mlwhy
https://twsia.com/kindergarten-bhr-al-alwm,https://twsia.com/kindergarten -bhr-al-alwm
https://twsia.com/company-al-tas,https://twsia.com/company-al-tas
https://twsia.com/dhl-daraa,https://twsia.com/dhl-daraa
https://twsia.com/hospital-al-mtlq,https://twsia.com/al-mutlaq-hospital
https://twsia.com/company-mwslly-al-tjaryh,https://twsia.com/company-mwslly-al-tjaryh
https://twsia.com/syryn-lldhhb,https://twsia.com/syryn-lldhhb
https://twsia.com/office-al-shaarllsyarat,https://twsia.com/office-al-shaarllsyarat
https://twsia.com/jewellery-wmjwhrat-krwma,https://twsia.com/mswghat-wmjwhrat-krwma
https://twsia.com/jewellery-al-basha,https://twsia.com/jewelry-al-basha
https://twsia.com/kindergarten-braam-al-aqsa,https://twsia.com/kindergarten -braam-al-aqsa
https://twsia.com/hospital-al-zhrawy,https://twsia.com/al-zhrawi-hospital
https://twsia.com/jewellery-al-jblawy,https://twsia.com/jewelry-al-jblawy
https://twsia.com/mrtbat-abw-hsn,https://twsia.com/mrtbat-abw-hsn
https://twsia.com/al-byanw-bar,https://twsia.com/al-byanw-bar
https://twsia.com/jewellery-abrahym-bsath-wawladh,https://twsia.com/jewelry-abrahym-bsath-wawladh
https://twsia.com/mtam-whlwyat-qzyha-bab-twma,https://twsia.com/mtam-whlwyat-qzyha-bab-twma
https://twsia.com/hospital-al-razy-al-jrahy-al-hdyth,https://twsia.com/al-razy-modern-surgical-hospital
https://twsia.com/alramli-gifts-lattakia,https://twsia.com/alramli-gifts-lattakia
https://twsia.com/jewellery-ywsf,https://twsia.com/jewelry-ywsf
https://twsia.com/country/sy/category/education,https://twsia.com/country/sy/category/education
https://twsia.com/al-hospital-al-mrkzy,https://twsia.com/al-markazi-hospital
https://twsia.com/category/car-offices,https://twsia.com/category/car-offices
https://twsia.com/hospital-al-tabyat-al-jrahy,https://twsia.com/al-ttabyatt-surgical-hospital
https://twsia.com/hospital-al-twlyd-wal-atfal,https://twsia.com/maternity-children-hospital
https://twsia.com/al-hospital-al-wtny,https://twsia.com/national-hospital
https://twsia.com/dr-oussama-haroun-hospital-hospital-al-doctor-asamh-harwn,https://twsia.com/dr-oussama-haroun-hospital
https://twsia.com/hospital-al-bshyr-al-jrahy,https://twsia.com/al-basheer-surgical-hospital
https://twsia.com/country/jo/city/amman/sub-area/alshamaysani,https://twsia.com/country/jo/city/amman/sub-area/alshamaysani
https://twsia.com/jewellery-bysan,https://twsia.com/mswghat-bysan
https://twsia.com/dwhh-qasywn,https://twsia.com/dwhh-qasywn
https://twsia.com/country/jo/city/amman/sub-area/abdoun,https://twsia.com/country/jo/city/amman/sub-area/abdoun
https://twsia.com/hospital-al-mhayny,https://twsia.com/al-mhayni-hospital
https://twsia.com/country/sy/category/trade-and-retail,https://twsia.com/country/sy/category/trade-and-retail
https://twsia.com/cafe-al-hsn,https://twsia.com/kafyh-al-hsn
https://twsia.com/hotel-brj-al-mstqbl,https://twsia.com/burj-al-mustaqbal-hotel
https://twsia.com/country/sy/category/software-companies,https://twsia.com/country/sy/category/software-companies
https://twsia.com/category/energy-companies,https://twsia.com/category/energy-companies
https://twsia.com/country/jo/category/software-companies,https://twsia.com/country/jo/category/software-companies
https://twsia.com/category/beauty-centers,https://twsia.com/category/beauty-centers
https://twsia.com/country/sy/category/financial-institutions,https://twsia.com/country/sy/category/financial-institutions
https://twsia.com/country/sy/category/commercial-shops,https://twsia.com/country/sy/category/commercial-shops
https://twsia.com/country/sy/city/damascus/sub-area/alqaymarya/category/restaurants,https://twsia.com/country/sy/city/damascus/sub-area/شارع-القيمرية/category/restaurants
https://twsia.com/company-qnws,https://twsia.com/company-qnws
https://twsia.com/mazzika-restaurant-lounge,https://twsia.com/mazzika-restaurant-lounge
https://twsia.com/country/jo/category/commercial-shops,https://twsia.com/country/jo/category/commercial-shops
https://twsia.com/hospital-zahy-azrq-al-askry,https://twsia.com/zahi-azraq-military-hospital
https://twsia.com/$,https://twsia.com/$
https://twsia.com/country/jo/city/amman,https://twsia.com/country/jo/city/amman
https://twsia.com/jewellery-wmswghat-al-tamh,https://twsia.com/jewelry-wmswghat-al-tamh
https://twsia.com/country/jo/category/medical-centers,https://twsia.com/country/jo/category/medical-centers
https://twsia.com/country/jo/category/financial-institutions,https://twsia.com/country/jo/category/financial-institutions
https://twsia.com/jewellery-frfshh-plus,https://twsia.com/mswghat-frfshh-plus
https://twsia.com/country/lb/category/educational-centers,https://twsia.com/country/lb/category/educational-centers
https://twsia.com/hospital-al-haj-sal-h,https://twsia.com/hajj-salah-hospital
https://twsia.com/country/lb/category/technology-companies/artificial-intelligence-companies,https://twsia.com/country/lb/category/technology-companies/artificial-intelligence-companies
https://twsia.com/tartous,https://twsia.com/tartous
https://twsia.com/country/eg/category/contracting-companies,https://twsia.com/country/eg/category/contracting-companies
https://twsia.com/country/sy/category/restaurants?page=2,https://twsia.com/country/sy/category/restaurants?page=2
https://twsia.com/country/lb/category/medical-centers,https://twsia.com/country/lb/category/medical-centers
https://www.twsia.com/category/educational-centers?page=2,https://www.twsia.com/category/educational-centers?page=2
https://twsia.com/jewellery-wmjwhrat-mladh,https://twsia.com/mswghat-wmjwhrat-mladh
https://twsia.com/country/sy/city/damascus/sub-area/alhariqa,https://twsia.com/country/sy/city/damascus/sub-area/alhariqa
https://twsia.com/country/sy/city/damascus/sub-area/almalki,https://twsia.com/country/sy/city/damascus/sub-area/almalki
https://twsia.com/country/sy/city/damascus/sub-area/mazzeh,https://twsia.com/country/sy/city/damascus/sub-area/mazzeh
https://twsia.com/country/sy/city/damascus/sub-area/baramkeh,https://twsia.com/country/sy/city/damascus/sub-area/baramkeh
https://twsia.com/country/sy/city/damascus/sub-area/salihiyah,https://twsia.com/country/sy/city/damascus/sub-area/salihiyah
https://twsia.com/country/sy/city/damascus/sub-area/sha'alan,https://twsia.com/country/sy/city/damascus/sub-area/sha'alan
https://twsia.com/country/sy/city/damascus/sub-area/jadet-alshallah,https://twsia.com/country/sy/city/damascus/sub-area/jadet-alshallah
https://twsia.com/country/sy/city/damascus/sub-area/almarjeh,https://twsia.com/country/sy/city/damascus/sub-area/almarjeh
https://twsia.com/country/sy/city/damascus/sub-area/alqaymarya,https://twsia.com/country/sy/city/damascus/sub-area/alqaymarya
https://twsia.com/country/sy/city/damascus/sub-area/jadet-alnahawi,https://twsia.com/country/sy/city/damascus/sub-area/jadet-alnahawi
https://twsia.com/country/sy/city/damascus/sub-area/almidan,https://twsia.com/country/sy/city/damascus/sub-area/almidan
https://twsia.com/country/sy/city/damascus/sub-area/almazra'a,https://twsia.com/country/sy/city/damascus/sub-area/almazra'a
https://twsia.com/country/sy/city/damascus/sub-area/alrawdah,https://twsia.com/country/sy/city/damascus/sub-area/alrawdah
https://twsia.com/jewellery-wmjwhrat-lylas,https://twsia.com/mswghat-wmjwhrat-lylas
https://twsia.com/g-m-gold,https://twsia.com/g-m-gold
https://twsia.com/school-rwafd,https://twsia.com/rawafed-school
https://twsia.com/hospital-al-ashtr,https://twsia.com/al-ashtar-hospital
https://twsia.com/silver-lazord,https://twsia.com/silver-lazord
https://twsia.com/hallak-jewelry,https://twsia.com/hallak-jewelry
https://twsia.com/hotel-al-majd,https://twsia.com/al-majd-hotel
https://twsia.com/hospital-al-hkmh,https://twsia.com/al-hikmah-hospital
https://twsia.com/jewellery-bqlh,https://twsia.com/jewelry-bqlh
https://twsia.com/beit-ramza,https://twsia.com/beit-ramza
https://twsia.com/mhwhrat-sad,https://twsia.com/mhwhrat-sad
https://twsia.com/rm,https://twsia.com/rm
https://twsia.com/school-dwhh-al-mjd,https://twsia.com/dawhat-al-majd-school
https://twsia.com/store-lamas-llmjwhrat,https://twsia.com/mhl-lamas-llmjwhrat
https://twsia.com/jewellery-alaa-jbdwn,https://twsia.com/mswghat-alaa-jbdwn
https://twsia.com/jewellery-nmyr-aadl-hydr,https://twsia.com/jewelry-nmyr-aadl-hydr
https://twsia.com/hospital-dar-al-shfaa,https://twsia.com/dar-alshifa-hospital
https://twsia.com/awak-jewelery-jewellery-awk,https://twsia.com/awak-jewelery-mswghat-awk
https://twsia.com/jwahrjy,https://twsia.com/jwahrjy
https://twsia.com/jewellery-twmajan,https://twsia.com/jewelry-twmajan
https://twsia.com/fwr-syzwn,https://twsia.com/fwr-syzwn
https://twsia.com/jewellery-al-khyr,https://twsia.com/jewelry-al-khyr
https://twsia.com/hotel-brj-al-frdws,https://twsia.com/burj-al-firdaws-hotel
https://twsia.com/hotel-wmntja-lamyra,https://twsia.com/lamira-resort-hotel
https://twsia.com/sahh-al-syagh,https://twsia.com/sahh-al-syagh
https://twsia.com/jewellery-al-syd,https://twsia.com/jewelry-al-syd
https://twsia.com/hotel-arman-arman,https://twsia.com/arman-hotel
https://twsia.com/jewellery-al-khyat,https://twsia.com/jewelry-al-khyat
https://twsia.com/country/jo/category/technology,https://twsia.com/country/jo/category/technology
https://twsia.com/al-pasha,https://twsia.com/al-pasha
https://twsia.com/hotel-al-aywan,https://twsia.com/al-aywan-hotel
https://twsia.com/bassil,https://twsia.com/bassil
https://twsia.com/hotel-ghzal,https://twsia.com/ghazal-hotel
https://twsia.com/ibrahem-jewelry,https://twsia.com/ibrahem-jewelry
https://twsia.com/hgroupco,https://twsia.com/hgroupco
https://twsia.com/jewellery-ahmd-ghndwr,https://twsia.com/jewelry-ahmd-ghndwr
https://twsia.com/dar-zmrya,https://twsia.com/dar-zmrya
https://twsia.com/mwzayka,https://twsia.com/mwzayka
https://twsia.com/hotel-bwabh-al-shrq,https://twsia.com/bawwabet-al-sharq-hotel
https://twsia.com/beit-wakil,https://twsia.com/beit-wakil
https://twsia.com/hotel-rygha,https://twsia.com/raygha-hotel
https://twsia.com/school-kindergarten-al-kwn-al-khash,https://twsia.com/rowdat-al-kawn-private-school
https://twsia.com/jewellery-rnd,https://twsia.com/jewelry-rnd
https://twsia.com/tlaea-al-nwr-al-khash,https://twsia.com/tlaea-al-nwr-al-khash
https://twsia.com/krystal-1,https://twsia.com/krystal-1
https://twsia.com/dar-al-mamlouka,https://twsia.com/dar-al-mamlouka
https://twsia.com/jewellery-th,https://twsia.com/jewelry-th
https://twsia.com/hotel-al-sfyr,https://twsia.com/al-safir-hotel
https://twsia.com/jewellery-mrhf-bnyan,https://twsia.com/jewelry-mrhf-bnyan
https://twsia.com/jewellery-tybh-fra-2,https://twsia.com/jewelry-tybh-fra-2
https://twsia.com/dar-al-kanadil-hotel,https://twsia.com/dar-al-kanadil-hotel
https://twsia.com/touch-store,https://twsia.com/touch-store
https://twsia.com/school-al-saadh-al-khash,https://twsia.com/highschool-al-saadh-al-khash
https://twsia.com/al-fynyq,https://twsia.com/al-fynyq
https://twsia.com/school-al-amyrkan,https://twsia.com/american-private-school
https://twsia.com/louis-inn-hotel-and-restaurant,https://twsia.com/louis-inn-hotel-and-restaurant
https://twsia.com/hotel-ramyta,https://twsia.com/ramyta-hotel
https://twsia.com/ghna-jewellery-tqlydyh,https://twsia.com/ghna-mjwhrat-tqlydyh
https://twsia.com/wn-mlywn,https://twsia.com/wn-mlywn
https://twsia.com/jewellery-sabr,https://twsia.com/jewelry-sabr
https://twsia.com/jewellery-abdllh-jbdwn,https://twsia.com/mswghat-abdllh-jbdwn
https://twsia.com/hotel-shhbaa-hlb,https://twsia.com/shahbaa-aleppo-hotel
https://twsia.com/hospital-al-razy,https://twsia.com/al-razi-hospital
https://twsia.com/jewellery-lyn-leen-jewelleries,https://twsia.com/jewelry-lyn-leen-jewelleries
https://twsia.com/hotel-kwyn-sntr,https://twsia.com/queen-center-hotel
https://twsia.com/school-mshaal-al-sham-al-khash,https://twsia.com/mshaal-al-sham-private-school
https://twsia.com/hospital-al-aryan,https://twsia.com/al-aryan-hospital
https://twsia.com/beit-akbik,https://twsia.com/beit-akbik
https://twsia.com/jewellery-al-ghdq-alghadaq,https://twsia.com/jewelry-al-ghdq-alghadaq
https://twsia.com/jewellery-yzn-al-tshh,https://twsia.com/jewelry-yzn-al-tshh
https://twsia.com/jewellery-mazn-adymh,https://twsia.com/jewelry-mazn-adymh
https://twsia.com/school-al-awael-llbnat-fra-al-akrm,https://twsia.com/al-awail-girls-school-akram
https://twsia.com/hospital-aysa,https://twsia.com/aissa-hospital
https://twsia.com/jewellery-tyfany-tiffany,https://twsia.com/jewelry-tyfany-tiffany
https://twsia.com/hotel-dama-rwz,https://twsia.com/dama-rose-hotel
https://twsia.com/taifor-fashion-accessories,https://twsia.com/taifor-fashion-accessories
https://twsia.com/hospital-al-rjaa,https://twsia.com/al-rajaa-hospital
https://twsia.com/happy-nights-hotel,https://twsia.com/happy-nights-hotel
https://twsia.com/shama-gaan,https://twsia.com/shama-gaan
https://twsia.com/hospital-al-andls,https://twsia.com/al-andalus-hospital
https://twsia.com/moufak-jewelry,https://twsia.com/moufak-jewelry
https://twsia.com/hospital-mzlwmyan,https://twsia.com/mazlomyan-hospital
https://twsia.com/hotel-al-mdynh,https://twsia.com/al-madina-hotel
https://twsia.com/hospital-al-braam,https://twsia.com/al-baram-hospital
https://twsia.com/hospital-jrmana-al-jrahy,https://twsia.com/jaramana-surgical-hospital
https://twsia.com/school-dmshq-al-arbyh,https://twsia.com/highschool-dmshq-al-arbyh
https://twsia.com/jewellery-mash,https://twsia.com/jewelry-mash
https://twsia.com/hotel-al-slam,https://twsia.com/al-salam-hotel
https://twsia.com/school-al-dar-al-talymyh-al-khash,https://twsia.com/aldar-altaalimia-private-school
https://twsia.com/hospital-al-nwr,https://twsia.com/al-nour-hospital
https://twsia.com/mossh-alya-al-talymyh-al-khash-alia-school,https://twsia.com/mossh-alya-al-talymyh-al-khash-alia-school
https://twsia.com/jewellery-mshlh,https://twsia.com/mswghat-mshlh
https://twsia.com/jewellery-adnan,https://twsia.com/jewelry-adnan
https://twsia.com/school-al-hkmh,https://twsia.com/al-hikmah-school
https://twsia.com/jewellery-ghadh-gada-jewelry,https://twsia.com/jewelry-ghadh-gada-jewelry
https://twsia.com/country/jo/category/technology-companies,https://twsia.com/country/jo/category/technology-companies
https://twsia.com/jewellery-abnaa-mamwn-al-rfaay,https://twsia.com/jewelry-abnaa-mamwn-al-rfaay
https://twsia.com/jewellery-qfaf,https://twsia.com/jewelry-qfaf
https://twsia.com/hotel-al-jlaa,https://twsia.com/al-jalaa-hotel
https://twsia.com/hospital-al-tb-al-hdyth,https://twsia.com/modern-medicine-hospital
https://twsia.com/hotel-harwn,https://twsia.com/haroun-hotel
https://twsia.com/hotel-al-sham,https://twsia.com/al-sham-hotel
https://twsia.com/jewellery-al-mlkh,https://twsia.com/jewelry-al-mlkh
https://twsia.com/hotel-dmshq-al-dwly,https://twsia.com/damascus-international-hotel
https://twsia.com/hotel-shyratwn-hlb,https://twsia.com/sheraton-aleppo-hotel
https://twsia.com/hotel-afamya,https://twsia.com/afamia-hotel
https://twsia.com/hotel-blw-tawr,https://twsia.com/blue-tower-hotel
https://twsia.com/jewellery-sarh-sara-jewelery,https://twsia.com/jewelry-sarh-sara-jewelery
https://twsia.com/ramsis,https://twsia.com/ramsis
https://twsia.com/kindergarten-al-tfwq-al-nmwdhjyh,https://twsia.com/kindergarten -al-tfwq-al-nmwdhjyh
https://twsia.com/hospital-al-slam,https://twsia.com/al-salam-hospital
https://twsia.com/mer-kuyumculuk,https://twsia.com/mer-kuyumculuk
https://twsia.com/hotel-rwyal-smyramys,https://twsia.com/royal-semiramis-hotel
https://twsia.com/hotel-al-rbya,https://twsia.com/al-rabea-hotel
https://twsia.com/hotel-qsr-hlb,https://twsia.com/qasr-aleppo-hotel
https://twsia.com/country/eg/category/financial-institutions,https://twsia.com/country/eg/category/financial-institutions
https://twsia.com/hospital-frkwh,https://twsia.com/farkuh-hospital
https://twsia.com/jewellery-al-ghmyan,https://twsia.com/jewelry-al-ghmyan
https://twsia.com/jewellery-al-brhm,https://twsia.com/jewelry-al-brhm
https://twsia.com/hotel-mdynh-al-yasmyn,https://twsia.com/yasmin-city-hotel
https://twsia.com/hotel-al-zytwnh,https://twsia.com/al-zaytouna-hotel
https://twsia.com/kindergarten-amyh-al-khash,https://twsia.com/kindergarten -amyh-al-khash
https://twsia.com/jewellery-kmwz-amany,https://twsia.com/jewelry-kmwz-amany
https://twsia.com/hotel-fynysya,https://twsia.com/vinisia-hotel
https://twsia.com/hotel-znwbya,https://twsia.com/zenobia-hotel
https://twsia.com/mjwahrt-hnyfh-adwnys,https://twsia.com/mjwahrt-hnyfh-adwnys
https://twsia.com/hotel-karltwn,https://twsia.com/carlton-hotel
https://twsia.com/krystal-bal-as,https://twsia.com/krystal-bal-as
https://twsia.com/jewellery-slyman-slamh,https://twsia.com/jewelry-slyman-slamh
https://twsia.com/hotel-shhryar,https://twsia.com/shahriar-hotel
https://twsia.com/saladin-hotelhostel,https://twsia.com/saladin-hotelhostel
https://twsia.com/jewelryhanifa-jewellery-hyfh,https://twsia.com/jewelryhanifa-mjwhrat-hyfh
https://twsia.com/country/btc-logistic-syria,https://twsia.com/country/btc-logistic-syria
https://www.twsia.com/category/contracting-companies,https://www.twsia.com/category/contracting-companies
https://twsia.com/country/eg/category/medical-centers,https://twsia.com/country/eg/category/medical-centers
https://twsia.com/country/eg/category/educational-centers,https://twsia.com/country/eg/category/educational-centers
https://twsia.com/mqha-aal-bal,https://twsia.com/mqha-aal-bal
https://twsia.com/country/lb/category/beauty-centers,https://twsia.com/country/lb/category/beauty-centers
https://twsia.com/country/sy/category/technology-companies,https://twsia.com/country/sy/category/technology-companies
https://twsia.com/country/eg/category/beauty-centers,https://twsia.com/country/eg/category/beauty-centers
https://twsia.com/country/sy/category/technology,https://twsia.com/country/sy/category/technology
https://twsia.com/dfh-w-lfh,https://twsia.com/dfh-w-lfh
https://twsia.com/shawrma-al-shryf,https://twsia.com/shawrma-al-shryf
https://twsia.com/hartna,https://twsia.com/hartna
https://twsia.com/damaska-snaack,https://twsia.com/damaska-snaack
https://twsia.com/hospital-al-swfy,https://twsia.com/al-soufi-hospital
https://twsia.com/hospital-nwr-al-aabdyn,https://twsia.com/noor-al-abedin-hospital
https://twsia.com/hospital-alaj-al-srtan,https://twsia.com/cancer-treatment-hospital
https://twsia.com/zryab-cafe,https://twsia.com/zryab-kafyh
https://twsia.com/hospital-draj,https://twsia.com/daraj-hospital
https://twsia.com/hospital-bhrw-al-nsaey,https://twsia.com/bahro-gynecology-hospital
https://twsia.com/bytza-al-qymryh,https://twsia.com/bytza-al-qymryh
https://twsia.com/hospital-al-nda,https://twsia.com/al-nada-hospital
https://twsia.com/country/lb/city/jaballubnan,https://twsia.com/country/lb/city/jaballubnan
https://twsia.com/country/sy/category/commercial-shops/supermarket,https://twsia.com/country/sy/category/commercial-shops/supermarket
https://twsia.com/country/sy/city/latakia/sub-area/almashrue-althaani,https://twsia.com/country/sy/city/latakia/sub-area/almashrue-althaani
https://twsia.com/country/lb/city/beirut/sub-area/alhamra,https://twsia.com/country/lb/city/beirut/sub-area/alhamra
https://twsia.com/search?q=%7Bsearch_term_string%7D,https://twsia.com/search?q=%7Bsearch_term_string%7D
https://twsia.com/reviews,https://twsia.com/reviews
https://twsia.com/country/sy/city/damascus/sub-area/souq-al-hamdeah,https://twsia.com/country/sy/city/damascus/sub-area/souq-al-hamdeah
https://twsia.com/country/lb/city/beirut/sub-area/al'ashrafia,https://twsia.com/country/lb/city/beirut/sub-area/al'ashrafia
https://twsia.com/country/lb/city/jaballubnan/sub-area/jwnia,https://twsia.com/country/lb/city/jaballubnan/sub-area/jwnia
https://twsia.com/country/sy/city/damascus/sub-area/abo-rmana,https://twsia.com/country/sy/city/damascus/sub-area/abo-rmana
https://twsia.com/country/sy/city/aleppo/sub-area/alshahba,https://twsia.com/country/sy/city/aleppo/sub-area/alshahba
https://twsia.com/country/sy/city/damascus/sub-area/bab-sharqe,https://twsia.com/country/sy/city/damascus/sub-area/bab-sharqe
https://twsia.com/country/sy/city/damascus/sub-area/qaseon,https://twsia.com/country/sy/city/damascus/sub-area/qaseon
https://twsia.com/country/lb/category/financial-institutions,https://twsia.com/country/lb/category/financial-institutions
https://twsia.com/country/eg/category/software-companies,https://twsia.com/country/eg/category/software-companies
https://twsia.com/country/sy/city/latakia,https://twsia.com/country/sy/city/latakia
https://twsia.com/country/eg/category/commercial-shops,https://twsia.com/country/eg/category/commercial-shops
https://twsia.com/country/lb/category/restaurants-and-shops,https://twsia.com/country/lb/category/restaurants-and-shops
https://twsia.com/country/lb/category/software-companies,https://twsia.com/country/lb/category/software-companies
https://twsia.com/country/lb/category/technology-companies,https://twsia.com/country/lb/category/technology-companies
https://twsia.com/auth/forgot-password,https://twsia.com/auth/forgot-password
