from,to
center-alaa-al-dyn-al-tkhssy-al-tby,aladdin-specialized-medical-center
al-byrqdar-ltjarh-al-cars,al-byrqdar-cars
baik-bash-hotel-hotel-byk-bash,baik-bash-hotel
hotel-qsr-al-shhbndr-al-athry,shahbandar-palace-hotel
hospital-al-andls-al-jamay,al-andalus-university-hospital
jewellery-nbyl-_-nabils-jewelery,jewelry-nbyl-_-nabils-jewelery
company-al-mndyl-llitarat-al-aal-myh,al-mandeel-tires-company
country/jo/city/amman/sub-area/sweifieh,country/jo/city/amman/sub-area/sweifieh
office-khlyl-aly-ltjarh-al-cars,khalil-ali-cars-office
kindergarten-sayd-al-khash,saeed-private-kindergarten
kindergarten-st-al-wfaa,set-al-wafa-kindergarten
qhwh-al-qshlh,al-qashla-cafe
office-yasr-al-shamy,yasser-al-shami-cars-office
company-al-rstm-al-tjaryh,al-rustom-trading-company
mais-private-school,mais-private-school
najeb-cars,najeb-cars
country/sy/category/beauty-centers,country/sy/category/beauty-centers
school-al-hkmh-al-khash-yal-swydaa,al-hikma-private-school
companies,companies
mjmwah-al-qwafl-llshhn-al-dwly,al-qwafl-for-international-shipping
university-al-sham-al-khash-aspu-fra-al-ladhqyh,al-sham-private-university-latakia
school-sma-hwran-al-khash,samaa-horan-private-school
hotel-dedeman-royal-club,hotel-dedeman-royal-club
jewellery-al-krym,jewelry-al-krym
kindergarten-al-frh-al-khash,al-farah-private-kindergarten
afnan-al-marfh,afnan-al-marfh
kindergarten-sham-al-syah,sham-al-sayyah-kindergarten
kindergarten-al-nsha-al-jdyd,new-generation-kindergarten
syty-car,city-car
kindergarten-byty-al-dafe,my-warm-home-kindergarten
company-samr-mhrm-lqta-al-cars,samer-moharem-company
kindergarten-lma-al-sham,lama-al-sham-kindergarten
hanifa-alomar-jewelry-syria,hanifa-alomar-jewellery-syria
hospital-al-tyar-al-jrahy,al-tayyar-surgical-hospital
al-tynawy-ltajyr-al-cars,altayenawi-car-rental
office-blywn-ltjarh-al-cars,blion-cars-office
school-al-adhm-al-khash,al-adhm-private-school
kindergarten-al-shraa-al-khash,al-shiraa-private-kindergarten
jewellery-al-qwsrh,jewelry-al-qwsrh
tal-ysman-al-amyn,talisman-hotel
nswh-yasyn-llstaer-wal-mfrwshat,nasouh-yaseen-curtains-furniture
showroom-ryf-idlb-al-jnwby-zkrya-slyman,zakaria-suleiman-car-showroom
office-swryana-ltjarh-al-cars,souryana-cars-office
company-hlb-astyrad-qta-ghyar-cars-swzwky-syny,aleppo-car-parts-company
country/eg/city/cairo/category/transportation-shipping-companies,country/eg/city/cairo/category/transportation-shipping-companies
showroom-fyana-lsyarat,fayana-cars-showroom
country/sy/city/idlib/category/Taxi-offices,country/sy/city/idlib/category/Taxi-offices
school-w-kindergarten-abda-al-khash,abdaa-private-school-kindergarten
bnwt-lmaayrh-al-dhhb-wal-fdh,banout-gold-silver
https://murabaat.com/center-al-qmh-llkmbywtr-wal-atsal-at,al-qimma-center
jewellery-lyan,jewelry-lyan
silver-lazord-midan,lazord-silver-midan
company-aal-m-al-kwry-al-tjaryh,korean-world-trading-company
salem-dayan-accessories,salem-dayan-accessories
category/Taxi-offices,category/Taxi-offices
country/sy/city/damascus/sub-area/medhat-basha-souq,country/sy/city/damascus/sub-area/medhat-basha-souq
https://murabaat.com/office-al-mstqbl-llshhn-al-dwly,al-mustaqbal-international-shipping
hospital-faawr,faour-hospital
country/sy,country/sy
company-mhmd-bsam-draw,mohammad-bassam-daraw-company
mfrwshat-abw-shhadh-wawladh,abu-shahadeh-sons-furniture
aal-m-al-curtains,curtains-world
category/trade-and-retail?page=3,category/trade-and-retail?page=3
sws-school,sws-school
showroom-al-brkh-ltjarh-al-cars,al-baraka-car-showroom
mfrwshat-al-natwr,al-natour-furniture
company-jrks-wdhh-al-tjaryh,jerks-dhha-trading-company
al-university-al-dwlyh-llalwm-wal-tknwlwjya-iust,international-university-science-technology
hospital-al-twfyq,al-tawfiq-hospital
center-ayfa,eva-center
drmajd-mardn-dental-clinic,dr-majd-mardn-dental-clinic
sulla-luna,sulla-luna
showroom-al-wlyd-ltjarh-al-cars,al-waleed-car-showroom
school-al-tfwq-al-khash,al-tafawuq-private-highschool
showroom-fady-hsn-llsyarat,fadi-hassan-car-showroom
kindergarten-braam-al-aslam-al-nmwdhjyh,baraem-islam-kindergarten
kindergarten-wndrland,wonderland-kindergarten
bytza-al-ryf-al-iytal-yh,italian-village-pizza
hospital-al-kndy,al-kindi-hospital
kindergarten-al-bnfsj,al-banafsaj-kindergarten
riviera-hotel,riviera-hotel
jwd-llatarat-wmstlzmat-al-cars,joud-car-tires
https://www.twsia.com/jwd-llatarat-wmstlzmat-al-cars,https://www.twsia.com/jwd-llatarat-wmstlzmat-al-syarat
hospital-al-shrq,al-sharq-hospital
kindergarten-mnarh-dmshq-al-khash,manarat-damascus-private-kindergarten
hotel-barwn,baron-hotel
hotel-bab-twma-al-athry,bab-touma-hotel
ashq-shrqy,eshq-sharqi
smart-shybyngh-lkhdmat-al-International-shipping-al-dwly-w-al-tkhlys,smart-shybyngh-lkhdmat-al-shhn-al-dwly-w-al-tkhlys
hospital-al-ashrfyh-al-tkhssy,al-ashrafieh-specialty-hospital
country/sy/city/damascus/sub-area/alksaa,country/sy/city/damascus/sub-area/alksaa
hospital-al-slam-al-tkhssy-bdmshq,al-salam-specialty-hospital-damascus
jewellery-al-mslmany,jewelry-al-mslmany
mrzh-llsyaghh,mrzh-llsyaghh
company-al-azy-lshhn-wtkhlys-al-customs-clearance,company-al-azy-lshhn-wtkhlys-al-jmrky
al-university-al-swryh-al-khash-spu,al-jamah-al-swryh-al-khash-spu
hospital-al-ayn-wal-adhn-al-tkhssy,eye-ear-specialty-hospital
mydtrans-llmlahh-w-al-khdmat,mydtrans-llmlahh-w-al-khdmat
kindergarten-shms-al-ghd-al-khash,kindergarten -shms-al-ghd-al-khash
country/sy/city/idlib,country/sy/city/idlib
school-bnah-al-ajyal-al-khash,bonat-al-ajyal-private-school
hospital-al-mna,al-muna-hospital
school-al-marfh-al-khash,al-maarifah-private-school
school-al-krml-al-khash,al-karamel-private-school
school-al-ghsanyh-al-arthwdhksyh-al-khash,al-ghassaniyah-private-school
alchaer-jewellery,alchaer-jewellery
hotel-al-jawaher,hotel-al-jawaher
hotel-al-faisal,hotel-al-faisal
country/sy/city/aleppo/sub-area/afrin/category/hospitals-clinics,country/sy/city/aleppo/sub-area/afrin/category/hospitals-clinics
school-al-alm-al-hdyth-al-khash,modern-science-private-school
school-al-mnhl-al-khash,al-manhal-private-school
school-dwhh-al-wrwd-al-khash,dawhat-al-warod-private-school
hotel-byt-al-wal-y,beit-al-wali-hotel
al-brj,al-brj
hotel-al-qsr,al-qasr-hotel
hospital-al-dyaa-al-jrahy,al-diaa-surgical-hospital
school-al-amtyaz-al-khash-alemtiaz-private-school,al-imtiaz-private-school
hospital-al-hryry,al-hariri-hospital
category/educational-centers?page=5,category/educational-centers?page=5
hotel-hms-al-kbyr,homs-al-kbyr-hotel
sbah-wmsaa,sbah-wmsaa
school-al-andls,al-andalus-school
school-al-abaa-al-arby,al-abaa-arabi-school
hospital-al-sham-al-tby,al-sham-medical-hospital
jewellery-al-aly,jewelry-al-aly
deluca,deluca
yasmeen-dalep-boutique-hotel,yasmeen-dalep-boutique-hotel
hospital-al-doctor-mhmd-dbyt,dr-mohamad-dbyt-hospital
country/sy/city/aleppo/sub-area/azaz,mstshfa-al-dktwr-mhmd-dbyt
country/sy/city/damascus/sub-area/aladawi,country/sy/city/aleppo/sub-area/azaz
hospital-al-twlyd-al-askry,military-maternity-hospital
school-al-mnarh-al-khash,al-manarah-private-school
the-national-evangelical-school,the-national-evangelical-school
school-al-mkhtar-al-nmwdhjyh-al-khash,al-mukhtar-model-private-school
mntja-al-shate-al-azrq,mntja-al-shate-al-azrq
al-hashmyh-al-khash,al-hashmyh-al-khash
sndwysh-kyfwrk,sndwysh-kyfwrk
tl-bany,tl-bany
school-al-ttbyqat-al-nmwdhjyh-al-khash,model-applications-private-school
school-al-ala-al-khash,al-oula-private-school
school-jnh-al-asafyr-al-khash,jannah-al-asafir-private-school
university-al-shhbaa-al-khash-al-mbna-al-jdyd,jamah-al-shhbaa-al-khash-al-mbna-al-jdyd
alkair-palace-hotel-and-restaurant,alkair-palace-hotel-and-restaurant
hotel-al-zhran,al-zahran-hotel
school-al-rdwan-al-khash,al-ridwan-private-school
school-ywhna-al-dmshqy-al-khash,yuhanna-dimashqi-private-school
jewellery-anwar-al-mdynh,jewelry-anwar-al-mdynh
search,search
zekreat-jewellery,zekreat-jewellery
school-al-mdynh-al-sghyrh,little-city-school
lali-jewels,lali-jewels
hospital-al-aasy-al-jdyd,new-assi-hospital
university-al-athad-al-khash,jamah-al-athad-al-khash
afnan-charming-hotel,afnan-charming-hotel
bkry-abw-shar,bkry-abw-shar
al-school-al-ywsfyh-llbnat,yousifiya-girls-school
chanel-jewelry-jewellery-shanyl,chanel-jewelry-mjwhrat-shanyl
school-al-aml-al-khash,al-amal-private-school
school-al-awdh-al-khash,highschool-al-awdh-al-khash
awksjyn-o2,awksjyn-o2
kindergarten-al-yasmyn-al-khash,kindergarten -al-yasmyn-al-khash
jewellery-al-adhm,jewelry-al-adhm
hotel-aal-bal,aal-bal-hotel
kindergarten-al-nwr-al-khash,hdanh-al-nwr-al-khash
lyana-jewellery,lyana-jewellery
showroom-rajw,mard-rajw
jewellery-abd-al-rhmn-hlywy,mswghat-abd-al-rhmn-hlywy
category/trade-and-retail,category/trade-and-retail
hanania-hotel,hanania-hotel
school-dmshq-al-wtnyh,highschool-dmshq-al-wtnyh
school-nwr-al-fjr,nour-al-fajr-school
jewellery-asamh,jewelry-asamh
mwlya,mwlya
school-al-klmh,al-kalima-school
hospital-al-asad-al-jrahy,al-assaad-surgical-hospital
country/sy/city/homs/category/hospitals-clinics,country/sy/city/homs/category/hospitals-clinics
country/sy/city/latakia/category/transportation-shipping-companies,country/sy/city/latakia/category/transportation-shipping-companies
kindergarten-al-ans,kindergarten -al-ans
https://murabaat.com/company-al-rafdyn-llshhn-w-al-nql,company-al-rafdyn-llshhn-w-al-nql
hotel-lwrws,laurus-hotel
country/sy/city/tartus,country/sy/city/tartus
company-fnc,company-fnc
al-hospital-al-tby-al-jrahy,medical-surgical-hospital
izes-hotel,izes-hotel
country/sy/city/homs/category/hotels-resorts,country/sy/city/homs/category/hotels-resorts
hotel-awrba,europa-hotel
azizieh-hospital,azizieh-hospital
hotel-antradws,antradus-hotel
jewellery-al-jndly,jewelry-al-jndly
hotel-armtaj,armtage-hotel
hospital-al-wtn-al-khas,al-watan-private-hospital
jewellery-al-rkn-al-dhhby,jewelry-al-rkn-al-dhhby
life-line-clinics,life-line-clinics
kindergarten-asafyr-al-jnh,kindergarten -asafyr-al-jnh
country/lb/category/commercial-shops,country/lb/category/commercial-shops
hospital-al-tb-al-arby-al-jrahy,arabic-medicine-surgical-hospital
school-bny-tghlb-al-thanyh-al-khash,bani-taghleb-2-private-school
school-sydh-al-frh-al-khash,sayidat-al-farah-private-school
royal-suites-hotel,royal-suites-hotel
agenor-hotel,agenor-hotel
school-al-mnyr-al-talymyh-al-khash,al-moneer-private-school
tourist-hotel,tourist-hotel
school-kindergarten-al-hyaa-al-khash,al-hayat-private-school
school-al-school-al-mhsnyh-llbnyn,al-mohsiniya-school
mnzwmh-bshaer-al-ayman-school-al-rghd-al-khash,al-raghad-private-school
boustan-hotel,boustan-hotel
al-university-al-dwlyh-llmaal-jh-al-snyh-al-shamlh-wal-mjanbh,al-jamah-al-dwlyh-llmaal-jh-al-snyh-al-shamlh-wal-mjanbh
https://murabaat.com/dndnh-cafe,dndnh-kafyh
hospital-al-razy-al-jdyd,al-razy-new-hospital
almashreq-hospital-hospital-al-mshrq,almashreq-hospital
school-jyl-al-ghd-al-khash,jil-al-ghad-private-school
al-school-al-amrykyh,american-school
hospital-al-astshary-al-hdyth,modern-consulting-hospital
hospital-dar-al-aywn-wal-tjmyl,dar-aloyoun-cosmetic-hospital
school-shms-al-maarf-al-khash,shams-al-maaref-private-school
golden-beach-hotel,golden-beach-hotel
hospital-bdya-hmwdh-al-jrahy,badea-hamoudeh-surgical-hospital
jdayde-hotel,jdayde-hotel
companies?page=8,companies?page=8
felicity-solar-service-maintenance-center,felicity-solar-service-maintenance-center
jewellery-dhkryat,jewelry-dhkryat
hotel-byt-al-mmlwkh,fbeit-al-mamloukeh-hotel
hospital-al-raayh-al-khash,al-rayah-private-hospital
kindergarten-al-rshyd,kindergarten -al-rshyd
school-al-aasyh-al-khash,al-asiya-private-school
hotel-brj-al-shahyn,burj-al-shahyn-hotel
hospital-al-ahram-al-tkhssy,al-ahram-specialty-hospital
school-al-frh-al-khash,al-farah-private-school
fallouh-house,fallouh-house
jewellery-al-ghrywaty-lldhhb,jewelry-al-ghrywaty-lldhhb
school-mahd-al-njah-al-khash-llbnat,highschool-mahd-al-njah-al-khash-llbnat
sham-lltaqh-al-solar-wal-btaryat,sham-lltaqh-al-shmsyh-wal-btaryat
kindergarten-al-mshaal,kindergarten -al-mshaal
company-hbh-al-hdythh,company-hbh-al-hdythh
kindergarten-njwm-al-ghd,kindergarten -njwm-al-ghd
la-capital-damas,la-capital-damas
hospital-al-aysa,al-ayssa-hospital
hotel-qsr-al-shrq,qasr-al-sharq-hotel
max-power,max-power
jewellery-bsam-tamh,jewelry-bsam-tamh
royal-gold,royal-gold
hospital-al-mdynh,al-madina-hospital
syf-w-shty,syf-w-shty
mktbauto-bazar,officeauto-bazar
company-al-hyah-lltkhlys-al-customs-clearance-wal-nql-al-arby-wal-dwly,company-al-hyah-lltkhlys-al-jmrky-wal-nql-al-arby-wal-dwly
byt-rman,byt-rman
school-al-amal-al-rafdh-al-khash,alamal-alrafedah-private-school
hotel-al-dywan,al-diwan-hotel
beit-zaman-hotel,beit-zaman-hotel
school-al-amyn-al-khash,al-ameen-private-school
amyh,amyh
hotel-sultan,hotel-sultan
hospital-bshyr-aalajaty-lltwlyd,bashir-maternity-hospital
country/eg/category/technology,country/eg/category/technology
country/eg/city/aljiza,country/eg/city/aljiza
hotel-amyh,omyah-hotel
jewellery-abyd-w-sman,jewelry-abyd-w-sman
al-school-al-hdythh-al-khash,al-hadythh-private-school
hotel-antyk-khan,antique-khan-hotel
coral-julia-dumna-hotel,coral-julia-dumna-hotel
jewellery-byt-al-dhhb,jewelry-byt-al-dhhb
dar-halabia-hotel,dar-halabia-hotel
rubino-jewellery,rubino-jewellery
jewellery-jbwly,jewelry-jbwly
school-al-aml-al-khash-1,al-amal-private-school-1
maher-yazeji-jewellery,maher-yazeji-jewellery
school-al-awj-al-khash,al-awj-private-school
school-iylaf-al-khash,ilaf-private-school
mjma-al-sham-al-tby,mjma-al-sham-al-tby
h-house-hotel-hotel-byt-al-jwd-wal-krm,beit-al-joud-wal-karam-hotel
hospital-al-amyn-al-tkhssy,al-ameen-specialty-hospital
jewellery-al-zyn,jewelry-al-zyn
hotel-aylya-al-syahy,aylya-touristic-hotel
hospital-al-kindergarten-al-jrahy,al-rawda-surgical-hospital
hotel-inana,inana-hotel
hlb-al-jdydh-abn-hyan-al-khash,hlb-al-jdydh-abn-hyan-al-khash
services,services
country/sy/city/damascus/sub-area/bab-touma,country/sy/city/damascus/sub-area/bab-touma
ard-al-dhhb-golden-land,ard-al-dhhb-golden-land
hotel-zyn-blas,zain-plase-hotel
hospital-al-shfaa,al-shifa-hospital
btwq,btwq
country/sy/category/energy-companies?page=4,country/sy/category/energy-companies?page=4
school-al-msawdyh-al-khash,masoudiya-private-school
hospital-al-jsry,al-jasry-hospital
kindergarten-al-njwm,kindergarten -al-njwm
jewellery-abnaa-nwr-al-dyn,jewelry-abnaa-nwr-al-dyn
kemareah-hotel,kemareah-hotel
school-al-mawnh-al-khash-llinath,al-mawneh-girls-private-school
jewellery-jewellery-ahmd-sbhy-hlywy,mswghat-mswghat-ahmd-sbhy-hlywy
al-shahd-llmjwhrat,al-shahd-llmjwhrat
country/eg/city/cairo,country/eg/city/cairo
store-mhmd-hsham-al-khdry,mhl-mhmd-hsham-al-khdry
rwad-al-mjd-al-khash,rwad-al-mjd-al-khash
kindergarten-al-njwm-al-khash,kindergarten -al-njwm-al-khash
school-shate-al-atfal-al-khash-shatea-alatfal-school,shatea-al-atfal-private-school
hospital-al-sbyl-al-tkhssy-al-jrahy,al-sabeel-specialty-surgical-hospital
jewellery-al-mash,jewelry-al-mash
school-mnahl-al-khyrat-al-khash,manahil-al-khayrat-private-school
school-al-khtwh-al-awla,first-step-school
school-dwhh-al-rhab,dawhat-al-rahab-school
school-abjdyh-al-ghryb-al-khash,abjadiyat-al-gharib-private-school
jewellery-nakkashian,jewellery-nakkashian
al-hospital-al-swry-al-frnsy-al-tkhssy,syrian-french-specialty-hospital
hanadi-hotel,hanadi-hotel
country/sy/category/financial-institutions/fnancial-companies,country/sy/category/financial-institutions/fnancial-companies
school-al-awael-al-nmwdhjyh-al-khash-llbnat,al-awail-model-girls-private-school
al-saleh-private-school,al-saleh-private-school
hospital-al-twlyd-al-khas,private-maternity-hospital
school-al-sham-al-nmwdhjyh-al-khash-llbnyn,highschool-al-sham-al-nmwdhjyh-al-khash-llbnyn
school-al-jmhwr-al-khash-llinath,al-jumhour-girls-private-school
al-hospital-al-arby-al-jdyd,new-arabic-hospital
st-paul-boutiqe-hotel,st-paul-boutiqe-hotel
shamo-jewellery-jewellery-shamw,shamo-jewellery-mjwhrat-shamw
cole-prive-al-riaya-school-al-raayh-al-khash,al-riaya-private-school
school-al-sydh-mrym-al-khash,sayyidah-maryam-private-school
center-al-andls-llalwm-al-syahyh,mrkz-al-andls-llalwm-al-syahyh
al-hospital-al-ahly-al-tkhssy,al-ahly-specialty-hospital
school-abn-khldwn-al-khash,ibn-khaldoun-private-school
nwr-lltqnyat-al-khrbaeyh-wal-solar-al-solar,nwr-lltqnyat-al-khrbaeyh-wal-taqh-al-shmsyh
country/sy/category/beauty-centers/hair-care-centers,country/sy/category/beauty-centers/hair-care-centers
school-al-zhraa-al-khash-al-martyny,al-zahraa-private-school
hospital-al-hyah,al-hayat-hospital
mirage-palace-hotel,mirage-palace-hotel
school-al-qryh-al-sghyrh,little-village-school
al-hospital-al-swry-al-tkhssy,syrian-specialty-hospital
al-university-al-arbyh-al-khash-llalwm-wal-tknwlwjya,al-jamah-al-arbyh-al-khash-llalwm-wal-tknwlwjya
company-mwlr-llshhn-al-dwly,company-mwlr-llshhn-al-dwly
jewellery-hsn,jewelry-hsn
country/sy/category/energy-companies,country/sy/category/energy-companies
ambassador-hotel,ambassador-hotel
country/jo/category/educational-centers,country/jo/category/educational-centers
hospital-al-abasyh,al-abbasiyah-hospital
hospital-al-zaym-al-tkhssy,al-zaaim-specialty-hospital
aal-m-al-mjwhratyhya-al-rhal,aal-m-al-mjwhratyhya-al-rhal
country/eg/city/cairo/sub-area/alzamalik,country/eg/city/cairo/sub-area/alzamalik
jewellery-hlb,mswghat-hlb
al-university-al-arbyh-al-khash-llalwm-wal-tknwlwjya,https://www.twsia.com/al-jamah-al-arbyh-al-khash-llalwm-wal-tknwlwjya
kindergarten-nbras-al-marfh,kindergarten -nbras-al-marfh
office-ylaghw-hlb,office-ylaghw-hlb
school-dwhh-al-trbyh-al-khash,dawhat-al-tarbiyah-private-school
school-jabr-al-ansary-khash,jabr-al-ansari-private-school
mossh-tryq-al-njah-al-talymh-al-khash,mossh-tryq-al-njah-al-talymh-al-khash
school-arwad-al-khash,arwad-private-school
school-al-anayh-al-khash,al-inayah-private-school
hospital-smart-kyr-al-tkhssy-smart-care-hospital,smart-care-specialty-hospital
company-al-shhbaa-llshhn,company-al-shhbaa-llshhn
school-al-mkhtar-al-nmwdhjyh,al-mukhtar-model-school
beit-zafran-hotel-de-charme,beit-zafran-hotel-de-charme
turquoise-hotel,turquoise-hotel
school-fjr-al-tfwq-al-khash,fajr-al-tafoq-private-school
abw-jwrj,abw-jwrj
hotel-al-aamr,al-aamer-hotel
hotel-bsman,basman-hotel
country/eg/city/cairo/sub-area/city-nasr/category/car-companies,country/eg/city/cairo/sub-area/city-nasr/category/car-companies
hotel-qsr-al-fars,qasr-al-fares-hotel
country/sy/category/hotels-resorts,country/sy/category/hotels-resorts
country/sy/category/trade-and-retail/Jewelry-Gold-Shops,country/sy/category/trade-and-retail/Jewelry-Gold-Shops
country/lb/category/energy-companies,country/lb/category/energy-companies
school-aafaq-al-sham-al-khashinath,afaq-al-sham-private-school
btc-logistic-syria,btc-logistic-syria
country/sy/city/damascus,country/sy/city/damascus
kindergarten-al-martqla,kindergarten -al-martqla
jewellery-dha,jewelry-dha
country/eg/category/energy-companies,country/eg/category/energy-companies
school-al-njah-al-khash,al-najah-private-school
al-hospital-al-swry,alsouri-hospital
category/educational-centers,category/educational-centers
hospital-al-nwr-lltwlyd,al-noor-maternity-hospital
hospital-al-rshyd,al-rasheed-hospital
hotel-al-bhr-bls,bahr-plase-hotel
hospital-bysan,baysan-hospital
hotel-trtws-al-kbyr,tartous-grand-hotel
hospital-al-hkmh,hikma-hospital
school-dar-al-slam,dar-al-salam-school
hospital-al-asdy,al-asady-hospital
jewellery-wmswghat-kfa,jewelry-wmswghat-kfa
category/educational-centers?page=2,category/educational-centers?page=2
country/sy/city/aleppo/sub-area/afrin,country/sy/city/aleppo/sub-area/afrin
school-alya-al-khask,aliya-private-school
category/educational-centers?page=3,category/educational-centers?page=3
category/educational-centers?page=4,category/educational-centers?page=4
jewellery-brkat,jewelry-brkat
country/eg/category/technology-companies,country/eg/category/technology-companies
school-dar-al-naym,dar-al-naeem-school
hospital-al-ahly,alahly-hospital
hospital-al-shhbaa-al-tkhssy,al-shahbaa-specialty-hospital
hospital-al-fyhaa,fayhaa-hospital
hospital-al-kndy,al-kindi-hospital
hospital-al-shamy,al-shami-hospital
kindergarten-w-school-al-ibdaa-al-khash,al-ibdaa-private-kindergarten-school
hospital-al-gas-station,al-mahath-hospital
hospital-amyh,omyah-hospital
brymks-llshhn-al-dwly,brymks-llshhn-al-dwly
hotel-al-qysr,al-qaysar-hotel
country/eg/city/aljiza/sub-area/alduqi,country/eg/city/aljiza/sub-area/alduqi
about,about
hotel-al-sal-h,al-salih-hotel
al-hospital-al-iytal-y,italian-hospital
jewellery-t,jewelry-t
office-al-jrjnazy-lajar-al-cars,office-al-jrjnazy-lajar-al-syarat
kindergarten-al-qswr-al-ahlyh,kindergarten -al-qswr-al-ahlyh
auth/signin,auth/signin
hospital-hsn-shykh-al-ard-al-tkhssy,hassan-sheikh-alard-specialty-hospital
jewellery-smyr,jewelry-smyr
kindergarten-al-aml-al-khash-1,kindergarten -al-aml-al-khash-1
https://www.twsia.com/category/trade-and-retail,https://www.twsia.com/category/trade-and-retail
companies?page=7,companies?page=7
hospital-al-qdys-lwys-al-frnsy,saint-louis-french-hospital
infinity-fitness-gym,infinity-fitness-gym
dar-al-noor-hotel-hotel-dar-al-nwr,dar-al-noor-hotel
country/sy/city/aleppo,country/sy/city/aleppo
country/eg/city/cairo/sub-area/city-nasr,country/eg/city/cairo/sub-area/city-nasr
category/restaurants,category/restaurants
https://www.twsia.com/category/restaurants,https://www.twsia.com/category/restaurants
lwz-wskr,lwz-wskr
bshara-jewelry,bshara-jewelry
office-al-arab,office-al-arab
country/eg/city/cairo/sub-area/maadi,country/eg/city/cairo/sub-area/maadi
hotel-al-btraa,al-batraa-hotel
hotel-dywnyzyas,dionysias-hotel
jewellery-wmswghat-al-hwrany,jewelry-wmswghat-al-hwrany
kindergarten-snabl-al-khyr,kindergarten -snabl-al-khyr
showroom-zkrya,mard-zkrya
jewellery-al-wlaa,jewelry-al-wlaa
al-school-al-ahlyh-al-khash-astfan,al-thanwyh-al-ahlyh-al-khash-astfan
lingo-kids,lingo-kids
school-al-abdaa-al-khash,al-ebdaa-private-school
privacy,privacy
school-dwhh-al-blabl,dawhat-al-balabel-school
afamia-hotel-resort,afamia-hotel-resort
country/sy/category/restaurants,country/sy/category/restaurants
hospital-al-sydh-al-jrahy,al-saydeh-surgical-hospital
kindergarten-roa-al-mstqbl,kindergarten -roa-al-mstqbl
university-al-sham-al-khash-aspu,jamah-al-sham-al-khash-aspu
company-alma-lltkhlys-al-customs-clearance,company-alma-lltkhlys-al-jmrky
jewellery-al-shryqy,jewelry-al-shryqy
school-al-tlyah-al-khash-bdmshq,al-talia-private-school-damascus
country/lb/city/beirut/sub-area/sharie-almasarif,country/lb/city/beirut/sub-area/sharie-almasarif
country/jo/category/energy-companies,country/jo/category/energy-companies
companies?page=1,companies?page=1
companies?page=5,companies?page=5
companies?page=3,companies?page=3
showroom-abad-al-rhmn,mard-abad-al-rhmn
hospital-al-rhmh,al-rahma-hospital
pub-shrqy,pub-shrqy
country/sy/category/educational-centers,country/sy/category/educational-centers
hospital-tshryn-al-jamay,tishreen-university-hospital
mahd-al-rayh,mahd-al-rayh
hotel-al-hdyqh,al-hadiqa-hotel
jewellery-hydr,jewelry-hydr
adib-jewelery,adib-jewelery
hospital-al-razy,al-razy-hospital
hotel-tdmr,tadmor-hotel
hotel-sfyr-hms,safir-homs-hotel
company-International-shipping-al-hythm,company-shhn-al-hythm
country/lb/category/technology,country/lb/category/technology
krfan-llshhn-al-dwly,krfan-llshhn-al-dwly
kindergarten-wmdrsh-al-nwr-al-khash,al-noor-private-kindergarten-school
jewellery-al-bdwy,jewelry-al-bdwy
showroom-tftnaz,mard-tftnaz
kindergarten-shmws-al-ghd,kindergarten -shmws-al-ghd
office-sraqb,office-sraqb
braam-aadhar,braam-aadhar
office-banyas,office-banyas
kindergarten-al-kwkh,kindergarten -al-kwkh
hotel-klasykal,classical-hotel
office-al-sal-h,office-al-sal-h
company-hwranyh,company-hwranyh
mjmwah-nhas,mjmwah-nhas
country/sy/city/aleppo?page=4,country/sy/city/aleppo?page=4
kindergarten-braam-al-ghfran,kindergarten -braam-al-ghfran
hotel-abw-al-kmyt,abu-al-kamit-hotel
hospital-al-mwasah,al-muwasat-hospital
al-ywsf-llshhn-al-dwly-fra-hmah,al-ywsf-llshhn-al-dwly-fra-hmah
kindergarten-yasmyn-al-sham,kindergarten -yasmyn-al-sham
company-abw-zynw,company-abw-zynw
hospital-al-amwry,al-amouri-hospital
showroom-ahmd-rmdan,mard-ahmd-rmdan
jewellery-mswh,jewelry-mswh
company-al-lwlw-llsyarat,company-al-lwlw-llsyarat
sindibad-kindergarten,sindibad-kindergarten
country/sy/city/damascus/sub-area/Altal,country/sy/city/damascus/sub-area/Altal
country/lb/city/beirut,country/lb/city/beirut
country/sy/category/sports-facilities,country/sy/category/sports-facilities
kindergarten-al-rwaby,kindergarten -al-rwaby
kindergarten-al-snabl-al-fra-al-awl,kindergarten -al-snabl-al-fra-al-awl
showroom-mrhf-hdad,mard-mrhf-hdad
kindergarten-al-hkmh,kindergarten -al-hkmh
kindergarten-al-nda,kindergarten -al-nda
kassabian-company-company-qsabyan,kassabian-company-shrkh-qsabyan
kindergarten-dyzny-kydz,kindergarten -dyzny-kydz
hotel-sarh,sarah-hotel
showroom-al-hbal,mard-al-hbal
knq-al-cars,knq-al-syarat
teacher-motors-abw-mmdwh,teacher-motors-abw-mmdwh
hospital-al-mjd,al-majd-hospital
company-abwras-al-tjaryh-llitarat,company-abwras-al-tjaryh-llitarat
kindergarten-al-wfaa,kindergarten -al-wfaa
zeitoun-jewelry,zeitoun-jewelry
braam-al-nwr,braam-al-nwr
kindergarten-frdw,kindergarten -frdw
company-mllwk-llsyarat,company-mllwk-llsyarat
kindergarten-al-ala,kindergarten -al-ala
jewellery-al-mhbh,jewelry-al-mhbh
syro-motors,syro-motors
office-abd-al-jwad,office-abd-al-jwad
kindergarten-al-mamwn,kindergarten -al-mamwn
hospital-al-slam,al-salam-hospital
jewellery-kmal,jewelry-kmal
hospital-dar-al-shfaa,dar-alshifa-hospital
al-barwdyh,al-barwdyh
jewellery-asamh-aaram,jewelry-asamh-aaram
hospital-al-shqqy,al-sheqaqi-hospital
jewellery-dhby-wagha,jewelry-dhby-wagha
company-mwbs,company-mwbs
add-company,add-company
hospital-al-mal-k,al-malek-hospital
jewellery-jbran,mswghat-jbran
mdrshetc-al-khash,etc-private-school
kindergarten-dar-al-mrh,kindergarten -dar-al-mrh
kindergarten-shamna,kindergarten -shamna
kindergarten-al-nwr,kindergarten -al-nwr
kindergarten-tshryn,kindergarten -tshryn
company-kmal-khyr,company-kmal-khyr
hospital-al-shrq,al-sharq-hospital
company-khdrh-al-tjaryh,company-khdrh-al-tjaryh
al-wsyt-lltjarh,al-wsyt-lltjarh
jwdks-llshhn-al-dwly,jwdks-llshhn-al-dwly
office-al-qysr,office-al-qysr
terms,terms
jewellery-rtyl,jewelry-rtyl
mjmwah-shmwt,mjmwah-shmwt
kindergarten-azhar-al-bnfsj,kindergarten -azhar-al-bnfsj
school-djlh-al-khash,dajla-private-school
company-hany-abdllh-naym,company-hany-abdllh-naym
kindergarten-snabl-al-tfwlh,kindergarten -snabl-al-tfwlh
kindergarten-aafaq-al-tfwlh,kindergarten -aafaq-al-tfwlh
kindergarten-drwb-al-nwr,kindergarten -drwb-al-nwr
caramel-preschool-kindergarten-karamyl,caramel-preschool-rwdh-karamyl
dwhh-al-bshyr,dwhh-al-bshyr
kindergarten-al-snabl-al-fra-al-thany,kindergarten -al-snabl-al-fra-al-thany
kindergarten-kmal-al-tfwlh,kindergarten -kmal-al-tfwlh
kindergarten-ahlam-al-tfwlh,kindergarten -ahlam-al-tfwlh
kindergarten-drym-land,kindergarten -drym-land
kindergarten-al-nkhyl,kindergarten -al-nkhyl
hospital-al-hwrany,hawrani-hospital
company-sfwan-dyb-llsyarat,company-sfwan-dyb-llsyarat
afamya-al-sham,afamya-al-sham
aybla-llshhn-al-dwly,aybla-llshhn-al-dwly
country/sy/category/restaurants/cafes,country/sy/category/restaurants/cafés
kindergarten-nwr-al-ajyal,kindergarten -nwr-al-ajyal
school-mary-al-khash,mary-private-school
krfan-llshhn-al-dwly-fra-hmah,krfan-llshhn-al-dwly-fra-hmah
kindergarten-mama-nbyla,kindergarten -mama-nbyla
rasal-ltjarh-al-cars,rasal-ltjarh-al-syarat
jewellery-mtya,jewelry-mtya
showroom-zaza,mard-zaza
office-abw-al-az,office-abw-al-az
kindergarten-dar-al-krm,kindergarten -dar-al-krm
kindergarten-mdynh-al-atfal,kindergarten -mdynh-al-atfal
hospital-al-mzrah,al-mazraah-hospital
abrahym-al-shnth,abrahym-al-shnth
royal-cars,royal-cars
jewellery-al-rfaay-2,jewelry-al-rfaay-2
university-bshyr-rhyjh,jamah-bshyr-rhyjh
auto-plus,auto-plus
office-al-skmany,office-al-skmany
office-drwysh-llsyarat,office-drwysh-llsyarat
alkabbany,alkabbany
office-al-rhwnjy,office-al-rhwnjy
al-raed-llsyarat,al-raed-llsyarat
kindergarten-bshaer-al-iyman,kindergarten -bshaer-al-iyman
mlaekh-al-dhhb,mlaekh-al-dhhb
jewellery-al-aamyn,jewelry-al-aamyn
kindergarten-al-zhwr,kindergarten -al-zhwr
kindergarten-al-frqan,kindergarten -al-frqan
kindergarten-bably-land,hdanh-bably-land
qbany-lqta-ghyar-al-cars,qbany-lqta-ghyar-al-syarat
hospital-al-bdr-al-tkhssy,al-badr-specialty-hospital
hospital-d-nasr-shqyr,dr-nasser-shuqair-hospital
kindergarten-snabl-al-nyrb,kindergarten -snabl-al-nyrb
company-loy-hmzh,company-loy-hmzh
kindergarten-tlaea-jrmana,kindergarten -tlaea-jrmana
kindergarten-ajyal-al-khash,kindergarten -ajyal-al-khash
kindergarten-frdws-al-atfal,kindergarten -frdws-al-atfal
kindergarten-dwhh-al-sghar,kindergarten -dwhh-al-sghar
jewellery-mlwhy,jewelry-mlwhy
kindergarten-bhr-al-alwm,kindergarten -bhr-al-alwm
company-al-tas,company-al-tas
dhl-daraa,dhl-daraa
hospital-al-mtlq,al-mutlaq-hospital
company-mwslly-al-tjaryh,company-mwslly-al-tjaryh
syryn-lldhhb,syryn-lldhhb
office-al-shaarllsyarat,office-al-shaarllsyarat
jewellery-wmjwhrat-krwma,mswghat-wmjwhrat-krwma
jewellery-al-basha,jewelry-al-basha
kindergarten-braam-al-aqsa,kindergarten -braam-al-aqsa
hospital-al-zhrawy,al-zhrawi-hospital
jewellery-al-jblawy,jewelry-al-jblawy
mrtbat-abw-hsn,mrtbat-abw-hsn
al-byanw-bar,al-byanw-bar
jewellery-abrahym-bsath-wawladh,jewelry-abrahym-bsath-wawladh
mtam-whlwyat-qzyha-bab-twma,mtam-whlwyat-qzyha-bab-twma
hospital-al-razy-al-jrahy-al-hdyth,al-razy-modern-surgical-hospital
alramli-gifts-lattakia,alramli-gifts-lattakia
jewellery-ywsf,jewelry-ywsf
al-hospital-al-mrkzy,al-markazi-hospital
hospital-al-tabyat-al-jrahy,al-ttabyatt-surgical-hospital
hospital-al-twlyd-wal-atfal,maternity-children-hospital
al-hospital-al-wtny,national-hospital
dr-oussama-haroun-hospital-hospital-al-doctor-asamh-harwn,dr-oussama-haroun-hospital
hospital-al-bshyr-al-jrahy,al-basheer-surgical-hospital
country/jo/city/amman/sub-area/alshamaysani,country/jo/city/amman/sub-area/alshamaysani
jewellery-bysan,mswghat-bysan
dwhh-qasywn,dwhh-qasywn
country/jo/city/amman/sub-area/abdoun,country/jo/city/amman/sub-area/abdoun
hospital-al-mhayny,al-mhayni-hospital
country/sy/category/trade-and-retail,country/sy/category/trade-and-retail
cafe-al-hsn,kafyh-al-hsn
hotel-brj-al-mstqbl,burj-al-mustaqbal-hotel
country/sy/category/software-companies,country/sy/category/software-companies
category/energy-companies,category/energy-companies
country/jo/category/software-companies,country/jo/category/software-companies
category/beauty-centers,category/beauty-centers
country/sy/category/financial-institutions,country/sy/category/financial-institutions
country/sy/category/commercial-shops,country/sy/category/commercial-shops
country/sy/city/damascus/sub-area/alqaymarya/category/restaurants,country/sy/city/damascus/sub-area/شارع-القيمرية/category/restaurants
company-qnws,company-qnws
mazzika-restaurant-lounge,mazzika-restaurant-lounge
country/jo/category/commercial-shops,country/jo/category/commercial-shops
hospital-zahy-azrq-al-askry,zahi-azraq-military-hospital
country/jo/city/amman,country/jo/city/amman
jewellery-wmswghat-al-tamh,jewelry-wmswghat-al-tamh
country/jo/category/financial-institutions,country/jo/category/financial-institutions
jewellery-frfshh-plus,mswghat-frfshh-plus
country/lb/category/educational-centers,country/lb/category/educational-centers
hospital-al-haj-sal-h,hajj-salah-hospital
country/lb/category/technology-companies/artificial-intelligence-companies,country/lb/category/technology-companies/artificial-intelligence-companies
tartous,tartous
country/sy/category/restaurants?page=2,country/sy/category/restaurants?page=2
https://www.twsia.com/category/educational-centers?page=2,https://www.twsia.com/category/educational-centers?page=2
jewellery-wmjwhrat-mladh,mswghat-wmjwhrat-mladh
country/sy/city/damascus/sub-area/alhariqa,country/sy/city/damascus/sub-area/alhariqa
country/sy/city/damascus/sub-area/almalki,country/sy/city/damascus/sub-area/almalki
country/sy/city/damascus/sub-area/mazzeh,country/sy/city/damascus/sub-area/mazzeh
country/sy/city/damascus/sub-area/baramkeh,country/sy/city/damascus/sub-area/baramkeh
country/sy/city/damascus/sub-area/salihiyah,country/sy/city/damascus/sub-area/salihiyah
country/sy/city/damascus/sub-area/sha'alan,country/sy/city/damascus/sub-area/sha'alan
country/sy/city/damascus/sub-area/jadet-alshallah,country/sy/city/damascus/sub-area/jadet-alshallah
country/sy/city/damascus/sub-area/alqaymarya,country/sy/city/damascus/sub-area/alqaymarya
country/sy/city/damascus/sub-area/jadet-alnahawi,country/sy/city/damascus/sub-area/jadet-alnahawi
country/sy/city/damascus/sub-area/almidan,country/sy/city/damascus/sub-area/almidan
country/sy/city/damascus/sub-area/almazra'a,country/sy/city/damascus/sub-area/almazra'a
country/sy/city/damascus/sub-area/alrawdah,country/sy/city/damascus/sub-area/alrawdah
jewellery-wmjwhrat-lylas,mswghat-wmjwhrat-lylas
g-m-gold,g-m-gold
school-rwafd,rawafed-school
hospital-al-ashtr,al-ashtar-hospital
silver-lazord,silver-lazord
hallak-jewelry,hallak-jewelry
hotel-al-majd,al-majd-hotel
hospital-al-hkmh,al-hikmah-hospital
jewellery-bqlh,jewelry-bqlh
beit-ramza,beit-ramza
mhwhrat-sad,mhwhrat-sad
rm,rm
school-dwhh-al-mjd,dawhat-al-majd-school
store-lamas-llmjwhrat,mhl-lamas-llmjwhrat
jewellery-alaa-jbdwn,mswghat-alaa-jbdwn
jewellery-nmyr-aadl-hydr,jewelry-nmyr-aadl-hydr
hospital-dar-al-shfaa,dar-alshifa-hospital
awak-jewelery-jewellery-awk,awak-jewelery-mswghat-awk
jwahrjy,jwahrjy
jewellery-twmajan,jewelry-twmajan
fwr-syzwn,fwr-syzwn
jewellery-al-khyr,jewelry-al-khyr
hotel-brj-al-frdws,burj-al-firdaws-hotel
hotel-wmntja-lamyra,lamira-resort-hotel
sahh-al-syagh,sahh-al-syagh
jewellery-al-syd,jewelry-al-syd
hotel-arman-arman,arman-hotel
jewellery-al-khyat,jewelry-al-khyat
country/jo/category/technology,country/jo/category/technology
al-pasha,al-pasha
hotel-al-aywan,al-aywan-hotel
bassil,bassil
hotel-ghzal,ghazal-hotel
ibrahem-jewelry,ibrahem-jewelry
hgroupco,hgroupco
jewellery-ahmd-ghndwr,jewelry-ahmd-ghndwr
dar-zmrya,dar-zmrya
mwzayka,mwzayka
hotel-bwabh-al-shrq,bawwabet-al-sharq-hotel
beit-wakil,beit-wakil
hotel-rygha,raygha-hotel
school-kindergarten-al-kwn-al-khash,rowdat-al-kawn-private-school
jewellery-rnd,jewelry-rnd
tlaea-al-nwr-al-khash,tlaea-al-nwr-al-khash
krystal-1,krystal-1
dar-al-mamlouka,dar-al-mamlouka
jewellery-th,jewelry-th
hotel-al-sfyr,al-safir-hotel
jewellery-mrhf-bnyan,jewelry-mrhf-bnyan
jewellery-tybh-fra-2,jewelry-tybh-fra-2
dar-al-kanadil-hotel,dar-al-kanadil-hotel
touch-store,touch-store
school-al-saadh-al-khash,highschool-al-saadh-al-khash
al-fynyq,al-fynyq
school-al-amyrkan,american-private-school
louis-inn-hotel-and-restaurant,louis-inn-hotel-and-restaurant
hotel-ramyta,ramyta-hotel
ghna-jewellery-tqlydyh,ghna-mjwhrat-tqlydyh
wn-mlywn,wn-mlywn
jewellery-sabr,jewelry-sabr
jewellery-abdllh-jbdwn,mswghat-abdllh-jbdwn
hotel-shhbaa-hlb,shahbaa-aleppo-hotel
hospital-al-razy,al-razi-hospital
jewellery-lyn-leen-jewelleries,jewelry-lyn-leen-jewelleries
hotel-kwyn-sntr,queen-center-hotel
school-mshaal-al-sham-al-khash,mshaal-al-sham-private-school
hospital-al-aryan,al-aryan-hospital
beit-akbik,beit-akbik
jewellery-al-ghdq-alghadaq,jewelry-al-ghdq-alghadaq
jewellery-yzn-al-tshh,jewelry-yzn-al-tshh
jewellery-mazn-adymh,jewelry-mazn-adymh
school-al-awael-llbnat-fra-al-akrm,al-awail-girls-school-akram
hospital-aysa,aissa-hospital
jewellery-tyfany-tiffany,jewelry-tyfany-tiffany
hotel-dama-rwz,dama-rose-hotel
taifor-fashion-accessories,taifor-fashion-accessories
hospital-al-rjaa,al-rajaa-hospital
happy-nights-hotel,happy-nights-hotel
shama-gaan,shama-gaan
hospital-al-andls,al-andalus-hospital
moufak-jewelry,moufak-jewelry
hospital-mzlwmyan,mazlomyan-hospital
hotel-al-mdynh,al-madina-hotel
hospital-al-braam,al-baram-hospital
hospital-jrmana-al-jrahy,jaramana-surgical-hospital
school-dmshq-al-arbyh,highschool-dmshq-al-arbyh
jewellery-mash,jewelry-mash
hotel-al-slam,al-salam-hotel
school-al-dar-al-talymyh-al-khash,aldar-altaalimia-private-school
hospital-al-nwr,al-nour-hospital
mossh-alya-al-talymyh-al-khash-alia-school,mossh-alya-al-talymyh-al-khash-alia-school
jewellery-mshlh,mswghat-mshlh
jewellery-adnan,jewelry-adnan
school-al-hkmh,al-hikmah-school
jewellery-ghadh-gada-jewelry,jewelry-ghadh-gada-jewelry
country/jo/category/technology-companies,country/jo/category/technology-companies
jewellery-abnaa-mamwn-al-rfaay,jewelry-abnaa-mamwn-al-rfaay
jewellery-qfaf,jewelry-qfaf
hotel-al-jlaa,al-jalaa-hotel
hospital-al-tb-al-hdyth,modern-medicine-hospital
hotel-harwn,haroun-hotel
hotel-al-sham,al-sham-hotel
jewellery-al-mlkh,jewelry-al-mlkh
hotel-dmshq-al-dwly,damascus-international-hotel
hotel-shyratwn-hlb,sheraton-aleppo-hotel
hotel-afamya,afamia-hotel
hotel-blw-tawr,blue-tower-hotel
jewellery-sarh-sara-jewelery,jewelry-sarh-sara-jewelery
ramsis,ramsis
kindergarten-al-tfwq-al-nmwdhjyh,kindergarten -al-tfwq-al-nmwdhjyh
hospital-al-slam,al-salam-hospital
mer-kuyumculuk,mer-kuyumculuk
hotel-rwyal-smyramys,royal-semiramis-hotel
hotel-al-rbya,al-rabea-hotel
hotel-qsr-hlb,qasr-aleppo-hotel
country/eg/category/financial-institutions,country/eg/category/financial-institutions
hospital-frkwh,farkuh-hospital
jewellery-al-ghmyan,jewelry-al-ghmyan
jewellery-al-brhm,jewelry-al-brhm
hotel-mdynh-al-yasmyn,yasmin-city-hotel
hotel-al-zytwnh,al-zaytouna-hotel
kindergarten-amyh-al-khash,kindergarten -amyh-al-khash
jewellery-kmwz-amany,jewelry-kmwz-amany
hotel-fynysya,vinisia-hotel
hotel-znwbya,zenobia-hotel
mjwahrt-hnyfh-adwnys,mjwahrt-hnyfh-adwnys
hotel-karltwn,carlton-hotel
krystal-bal-as,krystal-bal-as
jewellery-slyman-slamh,jewelry-slyman-slamh
hotel-shhryar,shahriar-hotel
saladin-hotelhostel,saladin-hotelhostel
jewelryhanifa-jewellery-hyfh,jewelryhanifa-mjwhrat-hyfh
country/eg/category/educational-centers,country/eg/category/educational-centers
mqha-aal-bal,mqha-aal-bal
country/lb/category/beauty-centers,country/lb/category/beauty-centers
country/sy/category/technology-companies,country/sy/category/technology-companies
country/eg/category/beauty-centers,country/eg/category/beauty-centers
country/sy/category/technology,country/sy/category/technology
dfh-w-lfh,dfh-w-lfh
shawrma-al-shryf,shawrma-al-shryf
hartna,hartna
damaska-snaack,damaska-snaack
hospital-al-swfy,al-soufi-hospital
hospital-nwr-al-aabdyn,noor-al-abedin-hospital
hospital-alaj-al-srtan,cancer-treatment-hospital
zryab-cafe,zryab-kafyh
hospital-draj,daraj-hospital
hospital-bhrw-al-nsaey,bahro-gynecology-hospital
bytza-al-qymryh,bytza-al-qymryh
hospital-al-nda,al-nada-hospital
country/lb/city/jaballubnan,country/lb/city/jaballubnan
country/sy/category/commercial-shops/supermarket,country/sy/category/commercial-shops/supermarket
country/sy/city/latakia/sub-area/almashrue-althaani,country/sy/city/latakia/sub-area/almashrue-althaani
country/lb/city/beirut/sub-area/alhamra,country/lb/city/beirut/sub-area/alhamra
search?q=%7Bsearch_term_string%7D,search?q=%7Bsearch_term_string%7D
reviews,reviews
country/sy/city/damascus/sub-area/souq-al-hamdeah,country/sy/city/damascus/sub-area/souq-al-hamdeah
country/lb/city/beirut/sub-area/al'ashrafia,country/lb/city/beirut/sub-area/al'ashrafia
country/lb/city/jaballubnan/sub-area/jwnia,country/lb/city/jaballubnan/sub-area/jwnia
country/sy/city/damascus/sub-area/abo-rmana,country/sy/city/damascus/sub-area/abo-rmana
country/sy/city/aleppo/sub-area/alshahba,country/sy/city/aleppo/sub-area/alshahba
country/sy/city/damascus/sub-area/bab-sharqe,country/sy/city/damascus/sub-area/bab-sharqe
country/sy/city/damascus/sub-area/qaseon,country/sy/city/damascus/sub-area/qaseon
country/lb/category/financial-institutions,country/lb/category/financial-institutions
country/eg/category/software-companies,country/eg/category/software-companies
country/sy/city/latakia,country/sy/city/latakia
country/eg/category/commercial-shops,country/eg/category/commercial-shops
country/lb/category/software-companies,country/lb/category/software-companies
country/lb/category/technology-companies,country/lb/category/technology-companies
auth/forgot-password,auth/forgot-password
,
,
,
,
,
,
,
,
,
,
,
,
,
,
,
,
,
,
,
,
,
,
,
,
,
,
,
,
,
,
,
,
,
,
,
,
,
,
,
,
,
,
,
,
,
,
,
,
,
,
,
,
,
,
,
,
,
,
,
,
,
,
,
,
,
,
,
,
,
,
,
,
,
,
,
,
,
,
,
,
,
,
,
,
,
,
,
,
,
,
,
,
,
,
,
,
,
,
,
,
,
,
,
,
,
,
,
,
,
,
,
,
,
,
,
,
,
,
,
,
,
,
,
,
,
,
,
,
,
,
,
,
,
,
,
,
,
,
,
,
,
,
,
,
,
,
,
,
,
,
,
,
,
,
,
,
